Product Name,Brand,Failure Reason,Attempted Sources
Chitra Rajma,Indian Delibites,0 images collected,all
Rajma Chawal,Haldiram's,0 images collected,all
Amritsari Rajma,Mother’s Recipe,0 images collected,all
Rajma Masala,Laxmi,0 images collected,all
Rajma,Heera,0 images collected,all
Kabuli Chana,Raja Foods,0 images collected,all
KABULI CHANA CHICKPEA,24 Mantra Organic,0 images collected,all
Kabuli Chana,Real,0 images collected,all
Kabuli Chana,Laxmi,0 images collected,all
Kabuli Chana,Deep,0 images collected,all
Kabuli Chana,Aara,0 images collected,all
Kabuli Chana Chickpeas,Deep,0 images collected,all
Kabuli chana,Deer,0 images collected,all
Kabuli Chana Chickpeas,Laxmi,0 images collected,all
Everest garam Masala,Everest,0 images collected,all
Kitchen King Masala,Everest,0 images collected,all
Everest Sabji masala,Everest,0 images collected,all
Everest Sambhar masala,Everest,0 images collected,all
JALJEERA,Catch,0 images collected,all
Beef Ularthu Masala,Eastern,0 images collected,all
Chicken 64 Masala,Eastern,0 images collected,all
Egg Masala Powder,Eastern,0 images collected,all
Chicken Masala Spice Mix,Eastern,0 images collected,all
Chicken Fry Masala,Eastern,0 images collected,all
refined sunflower oil,Fortune,0 images collected,all
fortune sun lite sunflower oil 15 litre,Fortune,0 images collected,all
Fortune Refined Sunflower Oil,Fortune,0 images collected,all
Pro Immunity Multi-source Edible Oil,Fortune,0 images collected,all
Fortune sun lite refined sunflower oil,Fortune,0 images collected,all
SAFOLA ACTIVE - MULTI-SOURCE EDIBLE OIL,Saffola,0 images collected,all
Tasty+,Saffola,0 images collected,all
Saffola Gold,Saffola,0 images collected,all
Saffola gold Blended oil 5 l,Saffola,0 images collected,all
Dhara groundnut oil,Dhara,0 images collected,all
Dhara ground nut oil,Dhara,0 images collected,all
mustard oil,Dhara,0 images collected,all
Refined Ricebran Oil,Dhara,0 images collected,all
Kachi Ghani Mustard Oil,Dhara,0 images collected,all
Kachi Ghani Mustard Oil,Dhãra,0 images collected,all
Dhara Refined Sunflower oil 5l,Dhara,0 images collected,all
Blended Edible Vegetable multi source oil,Sundrop,0 images collected,all
Sundrop Heart blnd edbl oil 1ltr,Sundrop,0 images collected,all
sundrop oil,Sundrop,0 images collected,all
Sundrop Superlite Advanced Refined Sunflower Oil,Sundrop,0 images collected,all
Emami Healthy & Tasty Rice Bran Oil,Emami,0 images collected,all
amul butter,Amul,0 images collected,all
Water Buffalo And Cow Milk Butter,Amul,0 images collected,all
Amul masti spiced butter milk,Amul,0 images collected,all
Pure ghee clarified butter,Amul,0 images collected,all
Amul cheese block,Amul,0 images collected,all
Cheese Cube,Amul,0 images collected,all
Cheese slices,Amul,0 images collected,all
Cheese spread,Amul,0 images collected,all
Amul cheese spread,Amul,0 images collected,all
Cheese block,Amul,0 images collected,all
Maha Cola,Mother Dairy,0 images collected,all
AA grade butter,Mother's Choice,0 images collected,all
Ginger Paste,Mother's Dairy,0 images collected,all
Curd,Nandini,0 images collected,all
Nandini GoodLife Toned Milk,Nandini,0 images collected,all
Shubham,Nandini,0 images collected,all
Nandini Good Life,Nandini,0 images collected,all
Nandini Paneer,Nandini,0 images collected,all
Nandini Curd,Nandini,0 images collected,all
Pasteurised Toned Milk,Nandini,0 images collected,all
Milk Peda,Nandini,0 images collected,all
goodlife slim,Nandini,0 images collected,all
Nandini Healthy Life Lite Double Toned Milk,Nandini,0 images collected,all
Nandini badam milk,Nandini,0 images collected,all
Toned Milk,Nandini,0 images collected,all
Special Toned Milk,Nandini,0 images collected,all
Slim UHT Sterilised Skimmed Milk,Nandini,0 images collected,all
Double Toned Milk,Nandini,0 images collected,all
Desi Cow Milk,Nandini,0 images collected,all
Nandini GoodLife Plus Toned Milk 1ltr,Nandini,0 images collected,all
Santhrupthi Milk,Nandini,0 images collected,all
Paneer Indian Cheese,Verka,0 images collected,all
Fresh Paneer,Verka,0 images collected,all
Verka Fresh Paneer,Verka,0 images collected,all
Verka Paneer,Verka,0 images collected,all
All In One,Haldiram's,0 images collected,all
Haldiram Chips Panchrattan,Haldiram's,0 images collected,all
Plain Bhujia Namkeen,Haldiram's,0 images collected,all
Cornflakes Mixture,Haldiram's,0 images collected,all
Gujarati Mixture Namkeen,Haldiram's,0 images collected,all
taka-tak,Haldiram's,0 images collected,all
Khatta Meetha 440g,Haldiram's,0 images collected,all
Knocking korean,Bingo,0 images collected,all
Choc Chip Bar,Uncle Toby’s,0 images collected,all
Uncle Saba’s Lentil and chickpea chips,Uncle Saba’s lentil and chickpea chips,0 images collected,all
Butter lovers microwave popcorn boxes,ACT II,0 images collected,all
Xtreme Butter,ACT II,0 images collected,all
Butter Lovers Popcorn,ACT II,0 images collected,all
Act II sabor Chile y Limón,ACT II,0 images collected,all
palomitas ACT II natural 3 pack,ACT II,0 images collected,all
MICROWAVE POPCORN,ACT II,0 images collected,all
ACT II popcorn butter delight,ACT II,0 images collected,all
Popcorn butter,ACT II,0 images collected,all
Butter Lovers Microwave Popcorn,ACT II,0 images collected,all
acI mocrowave popcorn,ACT II,0 images collected,all
Movie Theater Butter Microwave Popcorn,ACT II,0 images collected,all
Butter Lovers Flavour Microwave Popcorn,ACT II,0 images collected,all
Act II 3 pack sabor natural,ACT II,0 images collected,all
Act II sabor Mantequilla,ACT II,0 images collected,all
Act II sabor Mantequilla Extra 3 Pack,ACT II,0 images collected,all
Butter Microwave Popcorn,ACT II,0 images collected,all
Microwave Popcorn Butter,ACT II,0 images collected,all
Xtreme Butter Microwave Popcorn,ACT II,0 images collected,all
94% Fat Free Butter Naturally Flavored Popcorn,ACT II,0 images collected,all
ACT II Butter Lovers Flavour,ACT II,0 images collected,all
Palomitas Sabor Natural,ACT II,0 images collected,all
Popcorn,ACT II,0 images collected,all
ACT II Microwave Popcorn Butter Lover's Flavour,ACT II,0 images collected,all
Act II Kettle Corn,ACT II,0 images collected,all
Sweet & Salty Kettle Corn,ACT II,0 images collected,all
Light Butter Flavour Microwave Popcorn,ACT II,0 images collected,all
Kettle corn,ACT II,0 images collected,all
ACT II Movie Theater Butter Popcorn,ACT II,0 images collected,all
Act 2 popcorn butter flavour,ACT II,0 images collected,all
ACT II Popcorn,ACT II,0 images collected,all
"Act Ii, Microwave Popcorn, Butter",ACT II,0 images collected,all
"Popcorn, Butter",ACT II,0 images collected,all
Microwave Popcorn Buttery Flavour,ACT II,0 images collected,all
ACT II Salted Microwave Popcorn,ACT II,0 images collected,all
ACT II Simply Salted popcorn,ACT II,0 images collected,all
Munchies,Nestlé,0 images collected,all
Peanut butter crackers,Munchies,0 images collected,all
CHEESE FIX FLAVORED,MUNCHIES,0 images collected,all
Munchies Orange,Nestlé,0 images collected,all
Munchies Snack Mix Cheese Fix Flavored,Munchies,0 images collected,all
Real Peanut Butter Sandwich Crackers,Munchies,0 images collected,all
Munchies Chocolate Tube 52g,Nestlé,0 images collected,all
Munchies Easter Egg,Nestlé,0 images collected,all
Flamin' Hot Snack Mix,Munchies,0 images collected,all
Arachides enrobés croquantes,Munchies,0 images collected,all
Flamin' Hot Flavored Snack Mix,Munchies,0 images collected,all
Honey roasted peanuts,Frito Lay Munchies,0 images collected,all
Munchies Cookie Dough,Nestlé,0 images collected,all
Munchies Chocolate fudge brownie,Nestlé,0 images collected,all
Bikaneri bhujia,Bikaji,0 images collected,all
Bikaji aloo bhujia 1kg,Bikaji,0 images collected,all
Aloo Bhujia Tana-Tan,Bikaji,0 images collected,all
bikaji bikaneri bhujia 400g,Bikaji,0 images collected,all
Potato Chips Mint Pudina,Balaji,0 images collected,all
Balaji wafers panjabi tadka,Balaji,0 images collected,all
Balaji Wafers Crunchex,Balaji,0 images collected,all
Crunchm,Balaji,0 images collected,all
Potato chips,Balaji,0 images collected,all
masala masti,Balaji,0 images collected,all
Balaji Wafers Rumbles Potato Chips Pudina Twist flavour,Balaji,0 images collected,all
Balaji Wafers Chaat Chaska,Balaji,0 images collected,all
Crunchem Pizzy Masala,Balaji,0 images collected,all
Stack Up - Simply Salted,Balaji,0 images collected,all
Crunchem,Balaji,0 images collected,all
Britannia Good Day cashew cookies,Britannia,0 images collected,all
Good day,Britannia,0 images collected,all
GOOD DAY CHOCO COOKIES,Britannia,0 images collected,all
"Britannia, Good Day, Cookies, Cashew",Britannia,0 images collected,all
"Britannia, Good Day Cookies, Butter",Britannia,0 images collected,all
"Britannia, Good Day, Butter Cookies",Britannia,0 images collected,all
Good Day Psta-Almond Cookies,Britannia,0 images collected,all
Good Day Rich Pistachio and Almond Cookies,Britannia,0 images collected,all
Good Day butter cookies,Britannia,0 images collected,all
Good Day Cashew Cookies,Britannia,0 images collected,all
Good Day Chunkies Chocolate Chip Cookies,Britannia,0 images collected,all
Good Day Chocochip Cookies,Britannia,0 images collected,all
Good day - Cashew Cookies,Britannia,0 images collected,all
BUTTER COOKIES,Britannia,0 images collected,all
Britannia Good day pistachio almond cookies,Britannia,0 images collected,all
"Good Day, Pista-Almond Cookies",Britannia,0 images collected,all
Choco chip,Britannia,0 images collected,all
Good Day - Pistachio & Almond Cookies,Britannia,0 images collected,all
Oreo Cream Biscuit,Cadbury,0 images collected,all
Oreo Original,Cadbury,0 images collected,all
Cricket Edition Oreo Original,Cadbury,0 images collected,all
Digestive Biscuits,McVitie's,0 images collected,all
Sablés chocolat,McVitie's,0 images collected,all
Digestives The ORIGINAL,McVitie's,0 images collected,all
McVitie's Rich Tea The Light One (Delights),McVitie's,0 images collected,all
McVities Rich Tea Biscuits,McVitie's,0 images collected,all
Hobnobs,McVitie's,0 images collected,all
Digestives Milk Chocolate,McVitie's,0 images collected,all
Sablés aux flocons d'avoine,McVitie's,0 images collected,all
Ginger Nuts,McVitie's,0 images collected,all
Penguin Biscuit Bar,McVitie's,0 images collected,all
McVitie's Rich Tea Classic 2 x,McVitie's,0 images collected,all
Mc Vities Digestives,McVitie's,0 images collected,all
Digestives The Original Twin Pack,McVitie's,0 images collected,all
Digestives Dark chocolate,McVitie's,0 images collected,all
Bolachas crocantes-maçã,McVitie's,0 images collected,all
Fruit & Form - Forest Fruit,McVitie's,0 images collected,all
Ginger Nuts Biscuits,McVitie's,0 images collected,all
THINS Dark Chocolate,McVitie's,0 images collected,all
Digestive Delicious Wheat Biscuits,McVitie's,0 images collected,all
McVities Digestives Dark Chocolate 200g,McVitie's,0 images collected,all
Digestives The Original Wheat Biscuit,McVitie's,0 images collected,all
Penguin,McVitie's,0 images collected,all
Sablés aux flocons d'avoine chocolat au lait,McVitie's,0 images collected,all
Direktive Biscuits,McVitie's,0 images collected,all
Mcvities Wholesense,McVitie's,0 images collected,all
Mcvities Digestive Milk Chocolate Biscuits,McVitie's,0 images collected,all
Digestive,McVitie's,0 images collected,all
Jaffa Cakes The Original Twin Pack,McVitie's,0 images collected,all
sables anglais,McVitie's,0 images collected,all
McVitie's Hobnobs The Oaty One Milk Chocolate,McVitie's,0 images collected,all
Sablés angais l’original,McVitie's,0 images collected,all
Digestives the light one cookies,McVitie's,0 images collected,all
Jaffa cakes,McVitie's,0 images collected,all
Hobnobs Oats Biscuit,McVitie's,0 images collected,all
Digestives,McVitie's,0 images collected,all
Sable anglais,McVitie's,0 images collected,all
Digestive light 30% reduced fat,McVitie's,0 images collected,all
Toasting Waffles,McVitie's,0 images collected,all
Club Orange,McVitie's,0 images collected,all
Golden Oat,McVitie's,0 images collected,all
Digestive Original,McVitie's,0 images collected,all
Thins Milk Chocolate,McVitie's,0 images collected,all
Hob'nobs fourré goût chocolat,McVitie's,0 images collected,all
Digestive light,McVitie's,0 images collected,all
Soft Bakes Strawberry Filled,belVita,0 images collected,all
SOFT BAKES Red Berries,belVita,0 images collected,all
Parle-g Glucose Biscuits,Parle,0 images collected,all
Tiger glucose biscuits,Britannia,0 images collected,all
GLUCOSE HIGH ENERGY BISCUITS,Britannia,0 images collected,all
Monaco Emmental,Belin,0 images collected,all
Apéritif Monaco - Biscuits crakers,Belin,0 images collected,all
Box Monaco Emmental,Belin,0 images collected,all
Monaco,Belin,0 images collected,all
Monaco au fromage de Hollande,Belin,0 images collected,all
Biscuits Crackers Belin Monaco,Belin,0 images collected,all
Apéritif Monaco (offre conviviale),Belin,0 images collected,all
Belin Monaco Biscuits apéritif à l'emmental 105 g,Belin,0 images collected,all
Monaco - Biscuits crackers à l'emmental,Belin,0 images collected,all
Monaco à l'emmental,Belin,0 images collected,all
Flan patissier vanille bourbon,Alsa,0 images collected,all
Yaourt à la grecque au lait de brebis sucré à la vanille bourbon,La bergerie,0 images collected,all
Iles flottantes 4x100g,Pâturages,0 images collected,all
Britannia marie gold,Britannia,0 images collected,all
Marie gold,Britannia,0 images collected,all
Gold Marie,maliban,0 images collected,all
Marie Gold Biscuits,gold,0 images collected,all
Tea Time Biscuits,Britannia,0 images collected,all
Vita marie gold,Britannia,0 images collected,all
Maliban,Gold marie,0 images collected,all
Vita Marie Gold Tea time biscuit,Britannia,0 images collected,all
Ida Marie Brut,Weingut Gold,0 images collected,all
Vitamin Marie Gold,Britannia,0 images collected,all
gold marie 165g,maliban,0 images collected,all
Noodle Cup - Chicken Taste,Maggi,0 images collected,all
Teriyaki Noodles,Maggi,0 images collected,all
Saucy Noodles,Maggi,0 images collected,all
Noodle cup Curry,Maggi,0 images collected,all
2 Minute Noodles Chicken Flavour,Maggi,0 images collected,all
Saucy Noodles Sweet Chili,Maggi,0 images collected,all
Fusian oriental noodles teriyaki,Maggi,0 images collected,all
Noodles chicken,Maggi,0 images collected,all
Masala Festive Pack Authentic Indian Noodles,Maggi,0 images collected,all
Instant Noodles,Maggi,0 images collected,all
Pasta oriental sabor pollo,Maggi,0 images collected,all
CHICKEN NOODLES,Maggi,0 images collected,all
Saucy Noodles Teriyaki Style,Maggi,0 images collected,all
Fusian Yakisoba classico noodles,Maggi,0 images collected,all
Magic Asia Instant Noodle Cup Chili 63 gr,Maggi,0 images collected,all
Saucy Noodles Sesame Chicken Taste,Maggi,0 images collected,all
Spaghetti Bolognese,Maggi,0 images collected,all
Saucy noodles peanut saté,Maggi,0 images collected,all
Beef noodles,Maggi,0 images collected,all
3 Minute Instant Curry Flavour Noodles,Maggi,0 images collected,all
Noodles,Maggi,0 images collected,all
NOODLE SNACK CURRY,Maggi,0 images collected,all
Noodle Cup Duck Taste with Black Pepper & Paprika,Maggi,0 images collected,all
Instant noodles curry flavour,Maggi,0 images collected,all
Vegetable Noodles,Maggi,0 images collected,all
Saucy Noodles Pad Thai,Maggi,0 images collected,all
Gebratene Nudeln,Maggi,0 images collected,all
Noodle cup beef taste,Maggi,0 images collected,all
Chicken flavoured noodle soup,Maggi,0 images collected,all
Maggi Saucy Noodles Teriyaki,Nestlé,0 images collected,all
Stir Fried Noodles Teriyaki,Maggi,0 images collected,all
Maggi chicken noodle soup,Maggi,0 images collected,all
Maggi,Maggi,0 images collected,all
STIR-FRIED NOODLES TASTE OF DUCK,Maggi,0 images collected,all
Saucy Noodles - Sweet Chilli,Maggi,0 images collected,all
BEEF FLAVOUR NOODLES,Maggi,0 images collected,all
Instant Noodles Soup with Curry Flavour,Maggi,0 images collected,all
Durban Curry Flavoured 2 Minute Noodles,Maggi,0 images collected,all
maggi chicken noodles,Maggi,0 images collected,all
Hochzeitssuppe,Maggi,0 images collected,all
Magic Asia Nudel Snack Ente,Maggi,0 images collected,all
Nouilles asiatiques Maggi Mi Goreng soy and mild spice,Maggi,0 images collected,all
Makkaroni Lasagne,Maggi,0 images collected,all
Saucy Noodles Red Curry,Maggi,0 images collected,all
Top Ramen Beef Flavor,Nissin,0 images collected,all
Top Ramen Chicken Flavor,Nissin,0 images collected,all
Top Ramen Chili Flavor,Nissin,0 images collected,all
Top Ramen Masala Noodles,Nissin,0 images collected,all
Top Ramen - Soy Sauce Flavor,Nissin,0 images collected,all
Top ramen beef flavor ramen noodle soup,Nissin,0 images collected,all
Top ramen hot and spicy beef flavor same picante,Nissin,0 images collected,all
Top ramen shrimp ramen noodle soup,Nissin,0 images collected,all
Top ramen the original soy sauce ramen noodle soup,Nissin,0 images collected,all
Top Ramen shrimp noodle soup,Nissin,0 images collected,all
Shrimp Ramen Noodle Soup,Top Ramen,0 images collected,all
"Top Ramen 48 pack, chicken flavor ramen noodle soup",Nissin,0 images collected,all
Top ramen beef flavor,Top Ramen,0 images collected,all
Top Ramen chilli,Nissin,0 images collected,all
Top Ramen -  Chicken,The Original Nissin,0 images collected,all
Nissin Top Ramen Chili flavor,Nissin,0 images collected,all
Top ramen,Nissin,0 images collected,all
"Top Ramen, Ramen Noodle Soup, Chicken",Nissin,0 images collected,all
nissin top ramen chicken,Nissin,0 images collected,all
Top Ramen Noodle Soup,Nissin,0 images collected,all
Hot Pot Fusions Korean Spicy Beef Flavor Ramen Noodle Soup,Top Ramen,0 images collected,all
Japanese Garlic Tonkotsu Pork,Top Ramen,0 images collected,all
Thai Coconut Curry Chicken Flavor Ramen Noodle Soup,Top Ramen,0 images collected,all
Beef Flavor Ramen Noodle Soup With Japanese Sauce,Top Ramen,0 images collected,all
Japanese BBQ Beef Soup,Top Ramen,0 images collected,all
top ramen,Top Ramen,0 images collected,all
Cut Vegetables For Ramen Noodles,Top Valu,0 images collected,all
Magic Masala Noodles,Yippee,0 images collected,all
Yippee Noodles,Sunfeast,0 images collected,all
Yippee noodles (snack pack),Sunfeast,0 images collected,all
Sunfeast Yippee! masala magic,Sunfeast,0 images collected,all
sunfeast yippee,Sunfeast,0 images collected,all
Noodles,Yippee,0 images collected,all
Yippee! Korean Fiery Hot,Sunfeast,0 images collected,all
Atta Noodles,Yippee,0 images collected,all
Sunfeast Yippee Noodles,ITC,0 images collected,all
Sunfeast Yippee noodles,Sunfeast,0 images collected,all
Sunfeast Yippee! noodles Magic Masala,ITC,0 images collected,all
Yippee magic masala noodles four in one pack,Sunfeast,0 images collected,all
Yippee! noodles mood masala,ITC,0 images collected,all
Yippee Noodles Magic Masala,Sunfeast,0 images collected,all
Yippee noodles magic masala goat,Sunfeast,0 images collected,all
Les classiques - Velouté de 9 légumes,Knorr,0 images collected,all
Knorr Soupe Liquide Mouliné de Légumes Variés 1L,Knorr,0 images collected,all
Knorr Soupe Liquide Douceur à l'Italienne Tomates Mozzarella 1L,Knorr,0 images collected,all
Knr dcr automne 1l,Knorr,0 images collected,all
Knorr Soupe Liquide Douceur de 8 Légumes à la Crème Fraîche 30cl,Knorr,0 images collected,all
Velours de tomate à la mozzarella,Knorr,0 images collected,all
Knr dcr legumes soleil 1l,Knorr,0 images collected,all
Knr moul leg var 50cl rl,Knorr,0 images collected,all
Soupe Douceur 8 Légumes à la Crème Fraîche,Knorr,0 images collected,all
Soupe Courgettes,Knorr,0 images collected,all
"Knorr Soupe Liquide Patate Douce, Carottes et Fromage 45cl",Knorr,0 images collected,all
Knorr Soupe Liquide Velouté de Légumes Français 1L,Knorr,0 images collected,all
Velouté Patate Douce & Chèvre et Miel,Knorr,0 images collected,all
Knorr Soupe Liquide Bio Mouliné de Potiron Carottes 1L,Knorr,0 images collected,all
Knorr Soupe Déshydratée Paysanne Légumes & Lard 4 Portions,Knorr,0 images collected,all
KNORR Soupe Liquide Velouté de 12 Légumes Fromage Frais 1L,Knorr,0 images collected,all
intense rich beef,Knorr,0 images collected,all
Moulinet de légumes verts,Knorr,0 images collected,all
Knorr Soupe Liquide Légumes du Pot-au-Feu 1L,Knorr,0 images collected,all
Knorr Soupe Liquide Carottes Jaunes et Lait de Coco 450ml,Knorr,0 images collected,all
Beef stock pot,Knorr,0 images collected,all
Mouliné de légumes français,Knorr,0 images collected,all
Knorr Soupe Déshydratée Tomates aux Vermicelles 4 Portions,Knorr,0 images collected,all
Buchstaben Suppe,Knorr,0 images collected,all
Nudle ser w ziołach,Knorr,0 images collected,all
Crema vichyssoise puerro y patata envase 500 ml,Knorr,0 images collected,all
Velouté Potiron & Fourme d'Ambert AOP,Knorr,0 images collected,all
Tomatensuppe Toscana,Knorr,0 images collected,all
Slow cooked Beef,Knorr,0 images collected,all
Fish Stock Pot 4 x,Knorr,0 images collected,all
Mouline légumes variés,Knorr,0 images collected,all
Hühnersuppe mit vielen Nudeln,Knorr,0 images collected,all
Knorr Comme à La Maison Soupe Liquide Courgette Ricotta Parmesan 45cl,Knorr,0 images collected,all
Cheese Soup,Knorr,0 images collected,all
Knorr Soupe Liquide Douceur de Légumes du Soleil 1L,Knorr,0 images collected,all
Minestrone,Knorr,0 images collected,all
Minestrone legumi,Knorr,0 images collected,all
Zuppa di fagioli,Knorr,0 images collected,all
Suppenliebe Frühlingssuppe mit Gemüse,Knorr,0 images collected,all
vegetable soup mix,Knorr,0 images collected,all
Douceur italienne,Knorr,0 images collected,all
Velouté potiron & fourme d'Ambert,Knorr,0 images collected,all
Knorr Quick Soup Golden Vegetable,Knorr,0 images collected,all
Rosół z kury z makaronem,Knorr,0 images collected,all
Oinion soup,Knorr,0 images collected,all
Quick soup mushroom,Knorr,0 images collected,all
Soldatens Ärtsoppa,Knorr,0 images collected,all
Noodles,Knorr,0 images collected,all
Zupa Borowikowa z grzankami,Knorr,0 images collected,all
Chowmein hakka noodles masala,Ching's Secret,0 images collected,all
Chilli Chicken Masala Mix,Ching's Secret,0 images collected,all
Veg Manchurian masala,Ching's Secret,0 images collected,all
Yippee,Sunfeast,0 images collected,all
Yippee Magic Masala,Sunfeast,0 images collected,all
Yippee Creamy Corn Pasta,Sunfeast,0 images collected,all
Sunfeast yippee 70g,Sunfeast,0 images collected,all
Sunfeast yippee 280g,Sunfeast,0 images collected,all
yippee!,Sunfeast,0 images collected,all
Yippee tricolour pasta,Sunfeast,0 images collected,all
Tata tea premium,Tata,0 images collected,all
"Tata, Premium Tea",Tetley Usa  Inc.,0 images collected,all
Tata Tea Premium,Tata Tea,0 images collected,all
Red Label Tea Bags,Knightsbridge,0 images collected,all
Red label,Brooke Bond,0 images collected,all
Red label tea,Brooke Bond,0 images collected,all
tea red label,nhte,0 images collected,all
Loose black tea,Red Label,0 images collected,all
Red Label Loose Leaf Black Tea,Brooke Bond,0 images collected,all
Brooke Blond réd label tea powder,Brooke Bond,0 images collected,all
"Brooke Bond, Red Label Tea",Unilever India Exports Limited,0 images collected,all
Red Label LOOSE BLACK TEA,Brooke Bond,0 images collected,all
Wagh Bakari,Wagh Bakri,0 images collected,all
Instant Masala Tea (Unsweetened),Wagh Bakri,0 images collected,all
Mint Green Tea,Wagh Bakri,0 images collected,all
premium black tea,Wagh Bakri,0 images collected,all
Masala Chai Tea Bags,Wagh Bakri,0 images collected,all
Green Tea,Wagh Bakri,0 images collected,all
Instant Cardamom Tea,Wagh Bakri,0 images collected,all
Instant Ginger Tea,Wagh Bakri,0 images collected,all
Instant tea combo pack,Wagh Bakri,0 images collected,all
Instant Sugar-free Elaichi Tea,Wagh Bakri,0 images collected,all
Instant Saffron Tea,Wagh Bakri,0 images collected,all
Ice Tea Pêche,Lipton,0 images collected,all
Ice tea,Lipton,0 images collected,all
Lipton fruit rouges,Lipton,0 images collected,all
Lipton Peche ice tea,Lipton,0 images collected,all
SAVEUR PECHE ICE TEA,Lipton,0 images collected,all
lipton yellow label tea x25,Lipton,0 images collected,all
Ice Tea Saveur Pêche,Lipton,0 images collected,all
Yellow Label,Lipton,0 images collected,all
Lipton sans sucre,Lipton,0 images collected,all
Thé vert classique,Lipton,0 images collected,all
"Lipton Ice Tea saveur framboise 1,25 L",Lipton,0 images collected,all
Citron-citron vert Ice tea,Lipton,0 images collected,all
Lipton,Lipton,0 images collected,all
Peach Ice Tea,Lipton,0 images collected,all
Lipton Ice Tea saveur pêche,Lipton,0 images collected,all
ice tea saveur framboise,Lipton,0 images collected,all
Thé vert myrtille et mûre x 20 sachets,Lipton,0 images collected,all
Thé glacé pêche sans sucre,Lipton,0 images collected,all
lipton-ice-tea,Lipton,0 images collected,all
Lipton Ice Tea saveur framboise,Lipton,0 images collected,all
Lipton Ice Tea Original Sparkling,Lipton,0 images collected,all
Green tea,Lipton,0 images collected,all
Lipton Liptonic l'original,Lipton,0 images collected,all
Thé vert Menthe,Lipton,0 images collected,all
Thé vert fleur d’oranger mandarine🍊,Lipton,0 images collected,all
Thé glacé pêche pétillant,Lipton,0 images collected,all
Lemon Ice Tea,Lipton,0 images collected,all
Lipton Ice Tea saveur pêche 25 cl,Lipton,0 images collected,all
Lipton peach tea,sodastream,0 images collected,all
Duo saveur pêche abricot,Lipton,0 images collected,all
Lipton Thé 5 Fruits Rouges 20 Sachets,Lipton,0 images collected,all
Hibiscus saveur framboise facon infusion glacee,Lipton,0 images collected,all
Ice tea citron,Lipton,0 images collected,all
Thé noir citron,Lipton,0 images collected,all
Lipton Ice Tea saveur pêche 15 cl,Lipton,0 images collected,all
Pfirsich Ice Tea,Lipton,0 images collected,all
LIPTON TEA YELLOW,Lipton,0 images collected,all
Lipton Forest fruits,Lipton,0 images collected,all
Peach Iced Tea,Lipton,0 images collected,all
Thé  noir earl grey bergamote,Lipton,0 images collected,all
Lipton Ice Tea saveur pêche sans sucres,Lipton,0 images collected,all
Green iced tea,Lipton,0 images collected,all
Lipton Ice Tea PÉTILLANT Citron Citron Vert,Lipton,0 images collected,all
Ice Tea Pêssego,Lipton,0 images collected,all
Nescafé Classic,Nescafe,0 images collected,all
Nescafe classic,Nescafe,0 images collected,all
café soluble Nescafé,Nestlé,0 images collected,all
Nescafé classic descafeinado,Nestlé,0 images collected,all
Frappe,Nescafe,0 images collected,all
NESCAFE 3 in 1 Classic,Nescafe,0 images collected,all
Nescafe' Classic,Nescafe,0 images collected,all
Nescafe classic,Nestlé,0 images collected,all
Nescafe classic natural,Nestlé,0 images collected,all
Classic crema,Nestlé,0 images collected,all
Nescafé classic 30g,Nescafe,0 images collected,all
Натуральный растворимый порошкообразный кофе NESCAFÉ® CLASSIC CREMA,Nescafe,0 images collected,all
Nescafé Classic,Nestlé,0 images collected,all
Classic descafeinado,Nestlé,0 images collected,all
Nescafé classic- café instantáneo,Nescafe,0 images collected,all
Nescafe Classic Crema,Nestlé,0 images collected,all
NESCAFE CLASSIC 100G TIN EXP 10 / 18 (GR),Nescafe,0 images collected,all
Classic crème café soluble natural con crema,Nestlé,0 images collected,all
Nescafé Classic Classic Mild Instantkaffee,Nescafe,0 images collected,all
Classic natural,Nescafe,0 images collected,all
Classic café soluble natural,Nescafe,0 images collected,all
Nescafé classic decaf,Nescafe,0 images collected,all
Nescafe Classic coffee,Nestlé,0 images collected,all
nescafe stick (r) classic 1.9g,Nescafe,0 images collected,all
Nescafe Classic Instant Coffee 100g Glass,Nescafe,0 images collected,all
Nescafi,Nescafe,0 images collected,all
Coffee Classic,Nescafe,0 images collected,all
Nescafe classic 3 in 1,Nescafe,0 images collected,all
Nescafé Clásico,Nescafe,0 images collected,all
Kaffee - Classic Kräftig - löslicher Kaffee,Nescafe,0 images collected,all
Кофе Crema,Nescafe,0 images collected,all
Nescafé classic natural,Nestlé,0 images collected,all
Nescafe classic 200g,Nescafe,0 images collected,all
Bru gold,Bru,0 images collected,all
Coffee,Bru,0 images collected,all
Coffee bottle,Bru,0 images collected,all
Coffee Powder,Bru,0 images collected,all
Bru Coffee 3rs Sachet,Bru,0 images collected,all
BRU GOLD Edition,Fssai,0 images collected,all
Super Strong Blend Coffee,Continental,0 images collected,all
Continental Xtra 200g Jar | Instant Coffee | South Indian Blend with Chicory,CCL Products (India) Limited,0 images collected,all
Continental Xtra Coffee Powder,Continental,0 images collected,all
Xtra instant coffee,Continental,0 images collected,all
Continental Strong,Continental,0 images collected,all
Continental This is Caramel coffee,Continental,0 images collected,all
Malgudi fresh filter coffee,Continental,0 images collected,all
Cappuccino,Continental,0 images collected,all
Super Strong Blend Instant Coffee Chicory Mixture,Continental,0 images collected,all
Continental Malgudi Coffee  53',Continental,0 images collected,all
Classic Malt,Horlicks,0 images collected,all
Horlicks classic Malt 500g,Horlicks,0 images collected,all
Horlicks Classic Malt,Horlicks,0 images collected,all
Horlicks Classic Malt,Horlics,0 images collected,all
Horlicks Classic Malt 500g Cbd,Hindustan Unilever Ltd,0 images collected,all
Bournvita 1kg pet,Cadbury,0 images collected,all
Bournvita Biscuits 250,Cadbury,0 images collected,all
Bournvita 500G,Cadbury,0 images collected,all
"Cadbury Bournvita Original Refill,500G",Cadbury,0 images collected,all
PediaSure Grow & Gain,Abbott,0 images collected,all
Vanilla Shake,PediaSure,0 images collected,all
Pediasure chocolate,PediaSure,0 images collected,all
Pediasure,Abbott,0 images collected,all
Strawberry Shake,PediaSure,0 images collected,all
PediaSure Complete,Abbott,0 images collected,all
Grow & Gain,PediaSure,0 images collected,all
Pediasure sabor vainilla,PediaSure,0 images collected,all
Pediasure drink,Abbott,0 images collected,all
Pediasure drink,PediaSure,0 images collected,all
Pediasure Vainilla Polvo 850G,Abbott,0 images collected,all
Pediasure fiber vainilla,Abbott,0 images collected,all
Fibre Feed,PediaSure,0 images collected,all
Pediasure Vanilla,PediaSure,0 images collected,all
pediasure,abott,0 images collected,all
Pediasure Grow & Gane,Abbott,0 images collected,all
Fórmula para alimentación Pediasure enteral especializada sabor chocolate,PediaSure,0 images collected,all
PediaSure Vanilla,Abbott,0 images collected,all
PediaSure Grow&Gain,Abbott,0 images collected,all
PediaSure vainilla,Abbott,0 images collected,all
Pediasure Harvest,Abbott,0 images collected,all
PediaSure Strawberry,Abbott,0 images collected,all
PediaSure plus fiber,Abbott,0 images collected,all
PediaSure sabor chocolate,Abbott,0 images collected,all
Pediasure Grow and Gain,Abbott,0 images collected,all
Protinex Vanilla flavor,Protinex,0 images collected,all
Protinex,Protinex,0 images collected,all
Protinex Original,Protinex,0 images collected,all
Protinex Chocolate Flavour,Protinex,0 images collected,all
Protinex Chocolate Flavour,Nutrica,0 images collected,all
DAIRY MILK,Cadbury,0 images collected,all
Milk Chocolate Biscuits,Cadbury,0 images collected,all
Little Bar,Cadbury,0 images collected,all
Marvellous Creations Dairy Milk Jelly Popping Candy,Cadbury,0 images collected,all
Dairy Milk Fruit & Nut,Cadbury,0 images collected,all
DAIRY MILK WHOLE NUT,Cadbury,0 images collected,all
DAIRY MILK buttons,Cadbury,0 images collected,all
Dairy Milk Wholenut,Cadbury,0 images collected,all
Dairy Milk Caramel,Cadbury,0 images collected,all
Dairy Milk Oreo,Cadbury,0 images collected,all
Dairy milk chocolate,Cadbury,0 images collected,all
Dairy Milk Silk Chocolate,Cadbury,0 images collected,all
dairy milk giant chocolate buttons,Cadbury,0 images collected,all
Dairy Milk Caramel nibbles,Cadbury,0 images collected,all
Dairy Milk with Flake,Cadbury,0 images collected,all
Cadbury dairy milk Freddo easter egg,Cadbury,0 images collected,all
Dairy Milk Salted Caramel,Cadbury,0 images collected,all
Dairy Milk Chocolate Advent Calendar,Cadbury,0 images collected,all
Milk Chocolate,Cadbury,0 images collected,all
Dairy milk buttons dessert,Cadbury,0 images collected,all
Dairy Milk crunchie bits,Cadbury,0 images collected,all
Dairy milk little bar,Cadbury,0 images collected,all
Cadbury dairy milk chocolate bar wholenut,Cadbury,0 images collected,all
Cadbury dairy milk daim120g,Cadbury,0 images collected,all
DAIRY MILK Freddo,Cadbury,0 images collected,all
Dairy milk original,Cadbury,0 images collected,all
Cream egg Easter egg,Cadbury,0 images collected,all
dairy milk egg,Cadbury,0 images collected,all
Cadbury Creamy Chocolate Milkshake,Cadbury,0 images collected,all
DAIRY MILK WITH Mini eggs,Cadbury,0 images collected,all
Dairy Milk Lotus Biscoff,Cadbury,0 images collected,all
Nestlé Milo Breakfast Cereal,Nestlé,0 images collected,all
Chocolate chip stars,Asda free from gluten,0 images collected,all
captain munch,munchy's,0 images collected,all
Skinny coated almonds,Munch,0 images collected,all
Melody Chocolate,Parle,0 images collected,all
Melody Chocolaty,Parle,0 images collected,all
Eclairs Classic Chocolate Bag,Cadbury,0 images collected,all
Mini Éclairs Dessert Pastry,Specially Selected,0 images collected,all
Bricelets plats,Eclair,0 images collected,all
Delicatesse,Eclair,0 images collected,all
Chocolate eclair,Chocolate eclairs,0 images collected,all
Maggi chilli sauce 500g,Maggi,0 images collected,all
Maggi Hot & Sweet tomato chilli sauce,Maggi,0 images collected,all
Hot and Sweet tomato chili sauce,Maggi,0 images collected,all
Hot and sweet sauce,Maggi,0 images collected,all
Maggi HOT & Sweet Tamato chilli sauce,Maggi,0 images collected,all
Chilli Tomato Sauce,Kissan,0 images collected,all
kissan,Kissan,0 images collected,all
kissan fresh tomato,Kissan,0 images collected,all
Fresh Tomato Ketchup,Kissan,0 images collected,all
kissan fresh Tamato,Kissan,0 images collected,all
Tomato Ketchup Kissan,Kissan,0 images collected,all
Kissan Fresh Tomato Ketchup,Kissan,0 images collected,all
Tomato Ketchup,Kissan,0 images collected,all
Drinking Chocolate,Weikfield,0 images collected,all
Red Chilli Sauce,Weikfield,0 images collected,all
mango jelly,Weikfield,0 images collected,all
Cornflower,Weikfield,0 images collected,all
Peri peri sauce,Weikfield,0 images collected,all
Green Chilli Sauce,Weikfield,0 images collected,all
Corn Flour,Weikfield,0 images collected,all
Apple & Blueberries Pouch,Heinz,0 images collected,all
Sweet and Sour chicken,Heinz,0 images collected,all
omogenizzati manzo nipiol,Kraft Heinz,0 images collected,all
Caldo de Pera Pear Baby Food,Heinz,0 images collected,all
Heinz By Nature Cottage Pie baby food,Heinz,0 images collected,all
Nipiol Vitello,Kraft Heinz,0 images collected,all
heinz baby food,Heinz,0 images collected,all
Heinz cheesy tomato pasta baby food imp,Heinz,0 images collected,all
HNZ FRUITY PEARS 110GM,Heinz,0 images collected,all
Heinz bb food lamb pumpkin 170g,Heinz,0 images collected,all
Rusks original,Heinz,0 images collected,all
HNZ VAN CUSTARD 120GM,Heinz,0 images collected,all
Plasmon Biscotto Cofanetto GR 720,Kraft Heinz,0 images collected,all
Plasmon - Biscottino Biberon (450 GR),Kraft Heinz,0 images collected,all
Baby Beetroot in Sweet Vinegar,Heinz,0 images collected,all
Little kids,Heinz,0 images collected,all
Little treats vanilla custard,Heinz,0 images collected,all
Mango & Vanilla Custard,Heinz,0 images collected,all
Hnz Straw &van custard 120g,Heinz,0 images collected,all
Coniglio omogeneizzato,Kraft Heinz,0 images collected,all
Baby food,Heinz,0 images collected,all
Baby food banana,Heinz,0 images collected,all
"Chicken, sweet corn & mango",Heinz,0 images collected,all
Heinz bb food Apple & Oatmeal 170g,Heinz,0 images collected,all
Biscotto,Kraft Heinz,0 images collected,all
smoothie pear betty & oat,Heinz,0 images collected,all
Pumpkin potato and beef baby food,Heinz,0 images collected,all
heinz tropical baby food,Heinz,0 images collected,all
Hnz app/bry/pass 120g,Heinz,0 images collected,all
Heinz bb food Beef  Vegetable 170g,Heinz,0 images collected,all
"Apple, Blueberry & Strawberry",Heinz,0 images collected,all
Heinz creamed porridge imp,Heinz,0 images collected,all
Heinz carrot potato baby food imp,Heinz,0 images collected,all
Heinz baby food Tropical Fruits,Heinz,0 images collected,all
Theething rusks,Heinz,0 images collected,all
Hnz Smth ban&oat ygt 120g,Heinz,0 images collected,all
Pear and BlackBerry Custard,Heinz,0 images collected,all
Formaggino fuso omogeneizzato,Kraft Heinz,0 images collected,all
HNZ bb food  APPLE 110g,Heinz,0 images collected,all
Heinz For Baby - Beef Bolognese & Vegetables,Heinz,0 images collected,all
Omogeneizzati di pollo,Kraft Heinz,0 images collected,all
La pastina,Kraft Heinz,0 images collected,all
omogenizzati frutta mista nipiol,Kraft Heinz,0 images collected,all
Omogenizzati frutta,Kraft Heinz,0 images collected,all
Omogeneizzato agnello,Kraft Heinz,0 images collected,all
pear baby food,Heinz,0 images collected,all
Guava Baby Food,Heinz,0 images collected,all
TATA Salt,Tata,0 images collected,all
salt,Tata,0 images collected,all
Himalayan Rock Salt,Tata Salt,0 images collected,all
Salt LITE,Tata,0 images collected,all
Poisson salt et pepper,The tasty catch,0 images collected,all
