Product Name,Brand,Barcode
aashirwad atta 10kg,Aashirvaad,8901725008895
Atta with Multigrains,Aashirvaad,8901725100537
Atta Whole Wheat Flour With Multigrains,Aashirvaad,0841905080045
Atta with Millets,Aashirvaad,0841905080779
Chakki atta,Pillsbury,8906000210024
Pilsbry chakki fresh atta 2kg,Pillsbury,8906000210031
Multigrain Atta,Pillsbury,8906000212240
Pillsbury gold atta 5kg,Pillsbury,8904150503638
Basmati Aged 1kg (India Gate),India Gate,0690225301244
Basmati rice,India Gate,0690225106092
Rice India Gate uncooked,India Gate,0690225108324
Riz basmati - Rosana,India Gate,8908014100360
White basmati rice excel,India Gate,0690225108973
Basmati rice 10kg,India Gate,0690225104364
India Gate Classic Rice,India Gate,0690225105569
Sprouted Brown Basmati Rice,India Gate,0690225300643
Sella Basmati Rice,India Gate,0690225301329
Basmati Rice Classic,India Gate,8908014100292
Extra Long Basmati Rice Premium,India Gate,8908014100421
Parboiled Basmati Rice,India Gate,0690225104654
Original Basmati Rice,Daawat,8719632250111
Rozana Gold  basmati rice,Daawat,8901537006027
daawat super basmati rice,Daawat,0745042000273
Extra Long Basmati Rice,Daawat,8719632250050
Super Basmati Rice,Daawat,8901537025110
Brown Basmati Rice,Daawat,8901537020184
Chefs Secretz Basmati Rice,Daawat,8901537075733
Extra Long Basmati Reis,Daawat,8719632250173
Rice raw,Daawat,0840437500021
Daawat Basmati Blue 500g,Daawat,8719632250029
EVERYDAY BASMATI RICE,Daawat,0840437500045
Basmati,Kohinoor,8901047039034
Basmati rice,Kohinoor,0810347002021
Basmati Gold,Kohinoor,8901047016059
Extra Long Basmati Rice,Kohinoor,8906008814040
Basmati rice extra long 64oz.,Kohinoor,0810347000324
Extra Long Grain Basmati Rice,Kohinoor,0810347001635
Brown basmati rice,Kohinoor,0810347002267
Toor Dal,Kazan’s Organic,0838927501245
Toor Dal,Real,0892786132521
Toor Dal,Annam,8904064662124
Toor Dal,Laxmi,0723246183084
Uncooked Toor Dal,Devi,0749891098177
Toor Dal (Vasad Madhi) Split Pigeon Peas,Laxmi,0723246183640
Toor Dal,Shani,4019041002993
Bikaji (moong Dal) 400GM,Bikaji,8906005501080
Moong Dal,Bikano,8901414000087
Moong Dal,Haldiram's,8904004403770
Moong Dal,Deep,0011433113403
"Moong dal, split moong beans (without skin)",Diya,0753182760407
Parle Namkeen &quot;Moong Dal&quot; 400GM,Parle,8901719106828
Dal Moong,Rehmat-e-Sheren,8964000883044
Namkeen - Moong dal,Parle,8901719106781
Ashoka Moong Dal Kachori,Ashoka,8901552015721
Moong dal,Shama,3760184321922
Moong Dal,Laxmi,0723246183053
Organic Moong Dal,24 Mantra Organic,8904083512158
"Organic Moong Dal, Dry",Laxmi,0723246282213
Moong Dal Lentils,Shan,0788821005847
Moong Dal Chilka,Deep,0011433113328
Moong Dal Split,Laxmi,0723246182032
Moong Dal,Noor Gazal,6294003002640
Moong Dal,Patidar,0813631010085
Yellow Split Moong dal,Devi,0766150270341
Moong Dal Washed,Sundar,9031474090861
Moong Dal,Swad,0051179277243
Moong Dal,Angur,8906022573886
Moong Dal,Ravi,0819697025261
Moong Dal,Asli,0703440140427
Split Moong Dal,Roomy,0840541000523
Moong Dal (Petite Yellow Lentil),Mahraba,0643864869552
Moong Dal,Rani Brand,0680901082901
Moong Dal,SpiceBox,5060651991145
moong dal,Bikaji,8906005501097
Moong Dal,Real Bites,8906019562077
Moong Dal,Kesar Grocery,0749874747696
Chana dal (savoury Indian snack),cofresh,5026489480732
Chana Dal,Indus,5060476790831
Chana dal,Raju,8904214501877
Chana Dal,Balaji,8906010502249
MDH Chana Dal Masala 100G,MDH,8902167000331
Ashoka Chana Dal Tikki,Ashoka,8901552024730
Chana Dal,Laxmi,0723246183022
Salade de Chana Dal,Hero,7614200110211
Roasted Chana Dal,Ammaas,9350814001641
Chana dal Namkeen,Swad,0051179277090
Chana Dal,Stocked,5065010803237
Chana Dal,Ramdev,8902188151210
Chana Dal,Noor Gazal,6294003002329
Chana Dal (Snack),Bikano,8901414030244
Split Chana dal,Saurbhi,8904188607636
Chana Dal Split Chickpea Lentil,Divya,0062781068556
Chana Dal,Praana,7059330072655
Chana Dal Split Chickpeas,Laxmi,0723246183039
CHANA DAL,Saral,0739210582173
"Fazlani foods, rajma masala",Fazlani Foods,0810609021272
Rajma pulao,ASHOKA,8901552023443
Rajma masala,MTR,0840965000727
Rajma Raseela,Haldiram's,8904063209733
Rajma Masala,Everest,8901786541003
Red Bean Rajma Masala,Brooklyn Delhi LLC,0854349008124
Shahi Rajma,Ashoka,8901552026406
Rajma Masala,Kohinoor,8901047816185
MTR Ready-To-Eat Rajma Masala,MTR,8901042956213
"Rajma, Raw",24 Mantra,8904083512226
Raw Rajma,Swad,0051179101357
Jammu Rajma,Aman’s,0670999000840
Rajma White,Dmart Premia,8903363010728
Rajma Masala,Vadilal,8901777351086
Punjabi Rajma,Tirupati’s,8906030159959
Rajma,Bowlful,8906106300933
Rajma,Five Minutes To Delhi,5065021805060
Kashmiri Rajma,Orchid,0618056282273
Chitra Rajma,Indian Delibites,0628908002188
Rajma Chawal,Haldiram's,8904063204660
Amritsari Rajma,Mother’s Recipe,8906001056966
Rajma Masala,Laxmi,0723246291338
Rajma,Heera,5031416082897
KABULI CHANA CHICKPEA,24 Mantra Organic,8904083512219
Kabuli Chana,Real,0892786131524
Kabuli Chana,Laxmi,0723246232010
Kabuli Chana,Deep,0011433113366
Kabuli Chana,Aara,0859800005957
Kabuli Chana Chickpeas,Deep,0011433163231
Kabuli chana,Deer,0714760830684
Kabuli Chana Chickpeas,Laxmi,0723246181172
Kitchen King Masala,Everest,8901786121007
Everest Sabji masala,Everest,8901786131006
Everest Sambhar masala,Everest,8901786081004
chiken biryani masala Everest,Everest,8901786630509
Kesari Milk Masala,Everest,3948786010509
Everest fish curry masala,Everest,8901786490509
EVEREST Masala tae,Everest,8901786020508
Shahi Paneer Masala,Everest,8901786531004
EVEREST Chhole Masala,Everest,8901786091003
Tikka Masala Curry,Everest,9004355537007
Sambar Masala,Everest,8901786080120
Everest Tandoori Chicken Masala,Everest,8901786172009
Chat Masala,Everest,3948786060122
Chunky Chat masala,MDH,6291103750099
Dal Makhani masala,MDH,6291103336606
pulao masala,MDH,8902167000584
MDH Dal Makhani Masala,MDH,8902167001017
T Plus Masala,MDH,6291103750358
MDH JAL JEERA MASALA,MDH,8902167000010
Karahi Paneer Masala,MDH,6291103750617
Stuffed Parantha Masala Spice Blend,MDH,6291103750495
Curry Masala for Karahi Gosht,MDH,6291103750204
Sindhi Biryani masala,MDH,8902167001222
Chhole Masala,Catch,8901192221117
Sprinkler Black Pepper,Catch,8901192114006
CHICKEN MASALA,Catch,8901192214119
SAMBHAR MASALA,Catch,8901192202116
Catch Chatpata Chat Masala,Catch,8901192204110
KITCHEN KING,Catch,8901192208118
Catch sabzi masala,Catch,8901192215116
JALJEERA,Catch,8901192217110
MEAT MASALA,Catch,8901192213112
Garam masala,Catch,8901192216113
catch Rajma masala,Catch,8901192223111
Amchur power,Catch,8901192105110
Kashmiri mirch power,Catch,8901192103116
catch chana masala,Catch,8901192207111
catch biryani masala,Catch,8901192210012
pav bhaji masala,Catch,3541879797808
Madras Sambar Masala,Badshah,8901774002165
Mélange De Thandai Masala,Badshah,8901774002196
Chat Masala,Badshah,0850053642548
Tandoori Chicken Masala,Sakthi,8906002084036
Chilli Powder,Sakthi,8906002080113
Biriyani Masala,Sakthi,8906002081615
Super garam masala,Eastern,8901440205647
Butter Masala Sauce,Eastern,0862768000117
Garam Masala,Eastern,8901440011248
Spicy Chicken Masala,Eastern,8901440222118
Mutton Masala,Eastern,8901440011446
Beef Ularthu Masala,Eastern,8901440206859
Chicken 64 Masala,Eastern,8901440214403
Egg Masala Powder,Eastern,8901440209416
Chicken Masala Spice Mix,Eastern,8901440011101
Chicken Fry Masala,Eastern,8901440011439
fortune sun lite sunflower oil 15 litre,Fortune,8906007280310
Pro Immunity Multi-source Edible Oil,Fortune,8906008811902
100% Sanfflower Oil,Saffola,0071800828309
SAFOLA ACTIVE - MULTI-SOURCE EDIBLE OIL,Saffola,8901088034593
Saffola Gold,Saffola,8901088155458
Saffola gold Blended oil 5 l,Saffola,8901088017411
Dhara groundnut oil,Dhara,8906004620171
Dhara ground nut oil,Dhara,00006528
mustard oil,Dhara,8906004620287
Kachi Ghani Mustard Oil,Dhara,8906004620256
Kachi Ghani Mustard Oil,Dhãra,9909404862027
Dhara Refined Sunflower oil 5l,Dhara,8906004620485
Blended Edible Vegetable multi source oil,Sundrop,8901512107602
Sundrop Heart blnd edbl oil 1ltr,Sundrop,8901512680204
sundrop oil,Sundrop,8901512103901
Water buffalo butter,Amul,8901262010429
Butter Unsalted,Amul,8901262010085
amul butter,Amul,8901262010153
Water Buffalo And Cow Milk Butter,Amul,0656846520129
Amul masti spiced butter milk,Amul,8901262152167
Pure ghee clarified butter,Amul,0656846560965
Amul cheese block,Amul,8901262020060
Cheese Cube,Amul,3948262020039
Amul cheese spread,Amul,8901262060097
Cheese block,Amul,8901262020084
Ginger Paste,Mother's Dairy,8906001053804
Badam Flavoured Milk,Nandini,8906153561080
Shubham,Nandini,8906036670090
Nandini Good Life,Nandini,8906036673947
Nandini Paneer,Nandini,8906036670977
goodlife slim,Nandini,8906036670441
Toned Milk,Nandini,8906036674081
Slim UHT Sterilised Skimmed Milk,Nandini,8906036672995
Santhrupthi Milk,Nandini,8906036676290
Fresh Paneer,Verka,0884282099804
Cornflakes Mixture,Haldiram's,8904063230133
Gujarati Mixture Namkeen,Haldiram's,8904063200556
taka-tak,Haldiram's,8904004407624
Khatta Meetha 440g,Haldiram's,8904063214423
Knocking korean,Bingo,8909081008078
Uncle Saba’s Lentil and chickpea chips,Uncle Saba’s lentil and chickpea chips,0199284210691
Xtreme Butter,ACT II,0076150332308
ACT II popcorn butter delight,ACT II,8901512558404
Popcorn butter,ACT II,0076150200249
Act II sabor Mantequilla,ACT II,7501006559491
Butter Microwave Popcorn,ACT II,0076150200102
Xtreme Butter Microwave Popcorn,ACT II,0076150232097
ACT II Butter Lovers Flavour,ACT II,0076150982350
Popcorn,ACT II,0076150982336
ACT II Microwave Popcorn Butter Lover's Flavour,ACT II,8901512507501
Sweet & Salty Kettle Corn,ACT II,0076150982404
Light Butter Flavour Microwave Popcorn,ACT II,0076150982367
Act 2 popcorn butter flavour,ACT II,0076150982381
ACT II Popcorn,ACT II,5059158232486
Microwave Popcorn Buttery Flavour,ACT II,0076150420142
ACT II Salted Microwave Popcorn,ACT II,0076150982329
ACT II Simply Salted popcorn,ACT II,0076150011661
Munchies Orange,Nestlé,8445291318823
Munchies Easter Egg,Nestlé,8445290934574
Flamin' Hot Snack Mix,Munchies,0028400035729
Arachides enrobés croquantes,Munchies,0060410027547
Honey roasted peanuts,Frito Lay Munchies,0028400261494
Munchies Cookie Dough,Nestlé,7613037410679
Bikaneri bhujia,Bikaji,8906005500052
Bikaji aloo bhujia 1kg,Bikaji,8906005500397
Aloo Bhujia Tana-Tan,Bikaji,8906005500335
bikaji bikaneri bhujia 400g,Bikaji,8905950003434
Potato Chips Mint Pudina,Balaji,8906010505530
Potato chips,Balaji,8906010500818
Balaji Wafers Rumbles Potato Chips Pudina Twist flavour,Balaji,8906010501952
Crunchem Pizzy Masala,Balaji,8906010501198
Crunchem,Balaji,8906010502591
Good day,Britannia,8901063151345
GOOD DAY CHOCO COOKIES,Britannia,8901063004016
"Britannia, Good Day, Butter Cookies",Britannia,0901063151367
Good Day Psta-Almond Cookies,Britannia,6291007907131
Good Day Rich Pistachio and Almond Cookies,Britannia,6291007907599
Good Day Chocochip Cookies,Britannia,8901063165359
Good day - Cashew Cookies,Britannia,6291007909449
Britannia Good day pistachio almond cookies,Britannia,6291007903331
Good Day - Pistachio & Almond Cookies,Britannia,6291007915471
Oreo Cream Biscuit,Cadbury,7622201431594
Cricket Edition Oreo Original,Cadbury,7622201675660
Bolachas crocantes-maçã,McVitie's,5000396036138
Ginger Nuts Biscuits,McVitie's,5000396038194
Digestive Delicious Wheat Biscuits,McVitie's,5000396025026
Penguin,McVitie's,5000168210360
Digestive,McVitie's,6223003803568
sables anglais,McVitie's,4004198198491
Sablés angais l’original,McVitie's,7004768198491
Digestives the light one cookies,McVitie's,5000168038780
Hobnobs Oats Biscuit,McVitie's,0059290500677
Sable anglais,McVitie's,3061990142979
Toasting Waffles,McVitie's,5000168014104
Golden Oat,McVitie's,6223003803827
Digestive light,McVitie's,5000396037227
Soft Bakes Strawberry Filled,belVita,7622210695406
Tiger glucose biscuits,Britannia,8901063060333
GLUCOSE HIGH ENERGY BISCUITS,Britannia,8906019662708
Monaco - Biscuits crackers à l'emmental,Belin,7622210796301
Glace Vanille Bourbon,Nestlé,3274664225674
Yaourt à la grecque au lait de brebis sucré à la vanille bourbon,La bergerie,3273221098614
Iles flottantes 4x100g,Pâturages,3250390974697
Marie gold,Britannia,6291007902211
Tea Time Biscuits,Britannia,8901063136274
Maliban,Gold marie,4791034072465
Vita Marie Gold Tea time biscuit,Britannia,6291007914559
Ida Marie Brut,Weingut Gold,4260663210079
Vitamin Marie Gold,Britannia,0295407902204
gold marie 165g,maliban,4791034073554
Saucy Noodles Teriyaki,Maggi,7613037683660
Teriyaki Noodles,Maggi,8445291260078
Saucy Noodles,Maggi,8445291259171
Fusian oriental noodles teriyaki,Maggi,8585002442567
Noodles chicken,Maggi,5201219488800
Pasta oriental sabor pollo,Maggi,8410100063935
Saucy Noodles Teriyaki Style,Maggi,8445291293250
Magic Asia Instant Noodle Cup Chili 63 gr,Maggi,7613036884945
Spaghetti Bolognese,Maggi,7613037870046
Beef noodles,Maggi,5201219488794
Noodles,Maggi,9300605109575
Noodle Cup Duck Taste with Black Pepper & Paprika,Maggi,7613036679978
Vegetable Noodles,Maggi,5201219488787
Saucy Noodles Pad Thai,Maggi,8445291292970
Chicken flavoured noodle soup,Maggi,6001068586806
Stir Fried Noodles Teriyaki,Maggi,8585002443304
Maggi,Maggi,8901058011128
STIR-FRIED NOODLES TASTE OF DUCK,Maggi,8585002442710
Saucy Noodles - Sweet Chilli,Maggi,8445291187849
Durban Curry Flavoured 2 Minute Noodles,Maggi,6009188007386
maggi chicken noodles,Maggi,9300605106581
Hochzeitssuppe,Maggi,7613036053532
Magic Asia Nudel Snack Ente,Maggi,7613036480482
Nouilles asiatiques Maggi Mi Goreng soy and mild spice,Maggi,9556001170828
Makkaroni Lasagne,Maggi,7613034330444
Top Ramen Chicken Flavor,Nissin,0070662026038
Top Ramen Masala Noodles,Nissin,8901014002047
Top Ramen - Soy Sauce Flavor,Nissin,0070662010013
Top ramen hot and spicy beef flavor same picante,Nissin,0070662010129
Top ramen the original soy sauce ramen noodle soup,Nissin,0070662026014
Top Ramen shrimp noodle soup,Nissin,0070662060100
Shrimp Ramen Noodle Soup,Top Ramen,0070662055106
"Top Ramen 48 pack, chicken flavor ramen noodle soup",Nissin,0070662024133
Top Ramen chilli,Nissin,8901014002412
Top Ramen -  Chicken,The Original Nissin,0430632004037
Nissin Top Ramen Chili flavor,Nissin,31698085
Hot Pot Fusions Korean Spicy Beef Flavor Ramen Noodle Soup,Top Ramen,0070662302019
Japanese Garlic Tonkotsu Pork,Top Ramen,0070662302033
Thai Coconut Curry Chicken Flavor Ramen Noodle Soup,Top Ramen,0070662302026
Beef Flavor Ramen Noodle Soup With Japanese Sauce,Top Ramen,0070662027028
Japanese BBQ Beef Soup,Top Ramen,0070662027035
Cut Vegetables For Ramen Noodles,Top Valu,4549414086638
Magic Masala Noodles,Yippee,8901725005863
Yippee Noodles,Sunfeast,8909081005251
Yippee noodles (snack pack),Sunfeast,8901725018016
Sunfeast Yippee! masala magic,Sunfeast,8901725005986
sunfeast yippee,Sunfeast,8901725005924
Noodles,Yippee,8901725019747
Atta Noodles,Yippee,8901725005214
Sunfeast Yippee Noodles,ITC,8901725181420
Sunfeast Yippee noodles,Sunfeast,8901725119256
Yippee magic masala noodles four in one pack,Sunfeast,8901725117092
Yippee Noodles Magic Masala,Sunfeast,8901725012830
Yippee noodles magic masala goat,Sunfeast,8901725018917
Les classiques - Velouté de 9 légumes,Knorr,8714100766576
Knorr Soupe Liquide Douceur à l'Italienne Tomates Mozzarella 1L,Knorr,8710908961298
Knorr Soupe Liquide Douceur de 8 Légumes à la Crème Fraîche 30cl,Knorr,8710908961045
Soupe Douceur 8 Légumes à la Crème Fraîche,Knorr,8710908960956
Velouté Patate Douce & Chèvre et Miel,Knorr,3274935203028
Knorr Soupe Déshydratée Paysanne Légumes & Lard 4 Portions,Knorr,3011360006042
intense rich beef,Knorr,8712566479528
Knorr Soupe Liquide Légumes du Pot-au-Feu 1L,Knorr,8712100567360
Beef stock pot,Knorr,8722700268741
Knorr Soupe Déshydratée Tomates aux Vermicelles 4 Portions,Knorr,3011360020086
Nudle ser w ziołach,Knorr,8714100666838
Crema vichyssoise puerro y patata envase 500 ml,Knorr,8717163905081
Velouté Potiron & Fourme d'Ambert AOP,Knorr,3274935020403
Knorr Comme à La Maison Soupe Liquide Courgette Ricotta Parmesan 45cl,Knorr,8711200350353
Cheese Soup,Knorr,8712100868306
Knorr Soupe Liquide Douceur de Légumes du Soleil 1L,Knorr,8720182474063
Zuppa di fagioli,Knorr,8717163885796
Suppenliebe Frühlingssuppe mit Gemüse,Knorr,8712566332175
Douceur italienne,Knorr,8720182647061
Oinion soup,Knorr,0055220060129
Quick soup mushroom,Knorr,8714100263969
Soldatens Ärtsoppa,Knorr,7310390001390
Zupa Borowikowa z grzankami,Knorr,8712100868054
Chilli Chicken Masala Mix,Ching's Secret,8901595972234
Yippee,Sunfeast,0841905090105
Yippee Magic Masala,Sunfeast,0841905090112
Yippee Creamy Corn Pasta,Sunfeast,8901725111663
Sunfeast yippee 70g,Sunfeast,8901725115654
Sunfeast yippee 280g,Sunfeast,8901725181673
yippee!,Sunfeast,8901725119201
Yippee tricolour pasta,Sunfeast,8901725111168
Tata Tea Premium,Tata Tea,8901052010417
Red Label Tea Bags,Knightsbridge,4056489648529
Red label,Brooke Bond,8901030882579
Loose Leaf Black Tea,Red Label,8720608614820
tea red label,nhte,0793573999078
Loose black tea,Red Label,6281006856455
Red Label Loose Leaf Black Tea,Brooke Bond,0068400600336
Brooke Blond réd label tea powder,Brooke Bond,8720608632107
"Brooke Bond, Red Label Tea",Unilever India Exports Limited,0890103008303
Red Label LOOSE BLACK TEA,Brooke Bond,8720608616893
Wagh Bakari,Wagh Bakri,8901747000433
Instant Masala Tea (Unsweetened),Wagh Bakri,8901747003175
Black Tea,Wagh Bakri,8901747003687
premium black tea,Wagh Bakri,8901747000730
Masala Chai Tea Bags,Wagh Bakri,8901747003694
Instant Cardamom Tea,Wagh Bakri,8901747003199
Instant Ginger Tea,Wagh Bakri,8901747002956
Instant tea combo pack,Wagh Bakri,8901747002277
Instant Sugar-free Elaichi Tea,Wagh Bakri,8901747002987
Instant Saffron Tea,Wagh Bakri,8901747005599
Lipton Peche ice tea,Lipton,6111252422411
lipton yellow label tea x25,Lipton,8720608632633
Thé vert classique,Lipton,8720608026586
Thé vert myrtille et mûre x 20 sachets,Lipton,8720608025664
lipton-ice-tea,Lipton,6111252422985
Lipton Ice Tea saveur framboise,Lipton,3502110010674
Green tea,Lipton,5063270101766
Thé vert Menthe,Lipton,8720608026524
Thé glacé pêche pétillant,Lipton,3168930174431
Lipton Ice Tea saveur pêche 25 cl,Lipton,8722700009276
Duo saveur pêche abricot,Lipton,3168930170662
Hibiscus saveur framboise facon infusion glacee,Lipton,3168930170754
LIPTON TEA YELLOW,Lipton,8720608015450
Lipton Forest fruits,Lipton,5063270109557
Thé  noir earl grey bergamote,Lipton,5063270105856
Green iced tea,Lipton,8711327501461
Ice Tea Pêssego,Lipton,8711327587205
Nescafe classic,Nescafe,6111018903185
NESCAFE 3 in 1 Classic,Nescafe,8445291259331
Nescafe classic,Nestlé,6111018501503
Nescafe classic natural,Nestlé,8410100082028
Classic crema,Nestlé,7613033835018
Натуральный растворимый порошкообразный кофе NESCAFÉ® CLASSIC CREMA,Nescafe,4606272038763
NESCAFE CLASSIC 100G TIN EXP 10 / 18 (GR),Nescafe,5201219046109
Nescafé Classic Classic Mild Instantkaffee,Nescafe,7613031514793
Classic café soluble natural,Nescafe,7613031236480
Nescafe Classic coffee,Nestlé,7613033677724
Nescafe Classic Instant Coffee 100g Glass,Nescafe,7613031918867
Nescafi,Nescafe,4600680017099
Coffee Classic,Nescafe,7891000361252
Nescafé Clásico,Nescafe,7891000071823
Kaffee - Classic Kräftig - löslicher Kaffee,Nescafe,9002100112417
Кофе Crema,Nescafe,46247902
Nescafe classic 200g,Nescafe,8445290303080
Bru gold,Bru,8901030373930
Bru Coffee 3rs Sachet,Bru,8909106024199
BRU GOLD Edition,Fssai,4901038934656
Continental Xtra Coffee Powder,Continental,8901036163351
Cappuccino,Continental,8901036124246
Continental Malgudi Coffee  53',Continental,8901036393192
Horlicks classic Malt 500g,Horlicks,8901030976100
Horlicks Classic Malt,Horlicks,8901030976179
Horlicks Classic Malt,Horlics,8901030976056
Horlicks Classic Malt 500g Cbd,Hindustan Unilever Ltd,8901030795824
BournVita,Cadbury,7622201679187
Bournvita 1kg pet,Cadbury,7622201766283
Bournvita Biscuits 250,Cadbury,7622201781187
Bournvita 500G,Cadbury,7622210492081
"Cadbury Bournvita Original Refill,500G",Cadbury,8901233023748
Complan,Complan,5000218003195
Strawberry,Complan,8901542003028
PediaSure sabor vainilla,Abbott,8710428015853
Vanilla Shake,PediaSure,0070074690520
Pediasure chocolate,PediaSure,8710428015877
Pediasure,Abbott,8427030014012
PediaSure Complete,Abbott,0055325594956
Grow & Gain,PediaSure,0070074690490
Pediasure sabor vainilla,PediaSure,8427030012636
Pediasure drink,Abbott,8710428015976
Pediasure drink,PediaSure,8710428015969
Pediasure Vainilla Polvo 850G,Abbott,8427030012865
Pediasure fiber vainilla,Abbott,8427030012773
Fibre Feed,PediaSure,8710428603425
pediasure,abott,8886451006035
Pediasure Grow & Gane,Abbott,0070074675367
Fórmula para alimentación Pediasure enteral especializada sabor chocolate,PediaSure,7501033962875
PediaSure Grow&Gain,Abbott,0070074675268
Pediasure Harvest,Abbott,0070074679631
PediaSure Strawberry,Abbott,8710428003591
PediaSure sabor chocolate,Abbott,8427030015248
Pediasure Grow and Gain,Abbott,0070074687605
Protinex Vanilla flavor,Protinex,8851359984525
Protinex,Protinex,8851359985157
Protinex Chocolate Flavour,Protinex,8906048501382
Protinex Chocolate Flavour,Nutrica,8906048500651
Milk Chocolate Biscuits,Cadbury,0072417161575
DAIRY MILK buttons,Cadbury,7622202258480
Cadbury dairy milk Freddo easter egg,Cadbury,7622201681548
Dairy Milk Chocolate Advent Calendar,Cadbury,7622300750367
Dairy Milk crunchie bits,Cadbury,7622201148973
Cadbury dairy milk chocolate bar wholenut,Cadbury,5034660003960
Dairy milk original,Cadbury,7622201508524
Cream egg Easter egg,Cadbury,7622201681005
captain munch,munchy's,9556439886636
Melody Chocolate,Parle,8901719130854
Mini Éclairs Dessert Pastry,Specially Selected,4099100115437
Delicatesse,Eclair,7613269674061
Maggi chilli sauce 500g,Maggi,9556001601001
Chilli Tomato Sauce,Kissan,8901030660283
kissan fresh tomato,Kissan,8901030897542
Tomato Ketchup Kissan,Kissan,8901030699085
Drinking Chocolate,Weikfield,8901808000419
Red Chilli Sauce,Weikfield,8901808004912
mango jelly,Weikfield,8901808003045
Cornflower,Weikfield,7901809007715
Peri peri sauce,Weikfield,8901808007616
Green Chilli Sauce,Weikfield,8901808007593
Corn Flour,Weikfield,8901808007715
omogenizzati manzo nipiol,Kraft Heinz,8001040093665
Caldo de Pera Pear Baby Food,Heinz,0735051000487
Nipiol Vitello,Kraft Heinz,8001040093788
Heinz bb food lamb pumpkin 170g,Heinz,9300657132231
Rusks original,Heinz,6290090002006
HNZ VAN CUSTARD 120GM,Heinz,9300657160340
Plasmon - Biscottino Biberon (450 GR),Kraft Heinz,8001040025406
Little kids,Heinz,9300657231767
Mango & Vanilla Custard,Heinz,9300657130886
Hnz Straw &van custard 120g,Heinz,9300657130916
Coniglio omogeneizzato,Kraft Heinz,8001040093610
Baby food,Heinz,05722608
Baby food banana,Heinz,0735051016853
"Chicken, sweet corn & mango",Heinz,9300657131050
Biscotto,Kraft Heinz,8001040091876
smoothie pear betty & oat,Heinz,9300657130763
Pumpkin potato and beef baby food,Heinz,93772020
heinz tropical baby food,Heinz,9300657132484
Hnz app/bry/pass 120g,Heinz,9300657130961
Heinz bb food Beef  Vegetable 170g,Heinz,9300657161569
Heinz creamed porridge imp,Heinz,5000157140319
Heinz carrot potato baby food imp,Heinz,5000157144126
Heinz baby food Tropical Fruits,Heinz,0608875003258
Theething rusks,Heinz,9300657002343
Hnz Smth ban&oat ygt 120g,Heinz,9300657130770
Pear and BlackBerry Custard,Heinz,9300657132477
Formaggino fuso omogeneizzato,Kraft Heinz,8001040002087
Pollo Plasmon,Kraft Heinz,8001040016541
HNZ bb food  APPLE 110g,Heinz,93657037
Heinz For Baby - Beef Bolognese & Vegetables,Heinz,9300657225759
Omogeneizzati di pollo,Kraft Heinz,8001040089200
La pastina,Kraft Heinz,8001040012413
omogenizzati frutta mista nipiol,Kraft Heinz,8001040093634
Omogenizzati frutta,Kraft Heinz,8001040093627
Omogeneizzato agnello,Kraft Heinz,8001040093566
pear baby food,Heinz,0735051000579
Guava Baby Food,Heinz,0735051000647
TATA Salt,Tata,8904043901268
salt,Tata,8901052010295
Poisson salt et pepper,The tasty catch,4088600398693
