Product Name,Brand,Barcode,Mock Images Count,Real Images Count
Atta with Millets,Aashirvaad,0841905080779,9,2
Chakki atta,Pillsbury,8906000210024,1,10
Multigrain Atta,Pillsbury,8906000212240,2,9
Basmati rice,India Gate,0690225106092,2,9
Basmati,Daawat,8901537025127,4,7
Original Basmati Rice,Daawat,8719632250111,4,7
Daawat Indian Basmati Rice White,Daawat,8901537025134,1,10
daawat super basmati rice,Daawat,0745042000273,4,7
Extra Long Basmati Rice,Daawat,8719632250050,1,10
Basmati Rice,Daawat,8901537061019,4,7
Super Basmati Rice,Daawat,8901537025110,3,8
Broken Basmati Rice,Daawat,8719632250241,3,8
Rice raw,Daawat,0840437500021,4,7
Basmati,Kohinoor,8901047039034,1,10
Toor Dal,Real,0892786132521,1,10
Moong Dal,Laxmi,0723246183053,1,10
Moong Dal (Petite Yellow Lentil),Mahraba,0643864869552,2,9
Moong Dal,Bayara,2961570551171,1,10
Chitra Rajma,Indian Delibites,0628908002188,11,0
Rajma Chawal,Haldiram's,8904063204660,11,0
Amritsari Rajma,Mother’s Recipe,8906001056966,11,0
Rajma Masala,Laxmi,0723246291338,11,0
Rajma,Heera,5031416082897,11,0
Kabuli Chana,Raja Foods,0051179100954,11,0
KABULI CHANA CHICKPEA,24 Mantra Organic,8904083512219,11,0
Kabuli Chana,Real,0892786131524,11,0
Kabuli Chana,Laxmi,0723246232010,11,0
Kabuli Chana,Deep,0011433113366,11,0
Kabuli Chana,Aara,0859800005957,11,0
Kabuli Chana Chickpeas,Deep,0011433163231,11,0
Kabuli chana,Deer,0714760830684,11,0
Kabuli Chana Chickpeas,Laxmi,0723246181172,11,0
Everest garam Masala,Everest,8901786101009,11,0
Kitchen King Masala,Everest,8901786121007,11,0
Everest Sabji masala,Everest,8901786131006,11,0
Everest Sambhar masala,Everest,8901786081004,11,0
Everest fish curry masala,Everest,8901786490509,10,1
Everest Tandoori Chicken Masala,Everest,8901786172009,2,9
"Whole Catch, Hot Smoked Sockeye Wild Alaskan Slamon, Cajun Spice",Whole Foods Market  Inc.,0099482427498,5,6
JALJEERA,Catch,8901192217110,11,0
Garam masala,Catch,8901192216113,1,10
pav bhaji masala,Catch,3541879797808,1,10
Madras Sambar Masala,Badshah,8901774002165,1,10
Tandoori Chicken Masala,Sakthi,8906002084036,1,10
Chilli Powder,Sakthi,8906002080113,1,10
Super garam masala,Eastern,8901440205647,1,10
Butter Masala Sauce,Eastern,0862768000117,4,7
Beef Ularthu Masala,Eastern,8901440206859,11,0
Chicken 64 Masala,Eastern,8901440214403,11,0
Egg Masala Powder,Eastern,8901440209416,11,0
Chicken Masala Spice Mix,Eastern,8901440011101,11,0
Chicken Fry Masala,Eastern,8901440011439,11,0
refined sunflower oil,Fortune,8906007280242,11,0
fortune sun lite sunflower oil 15 litre,Fortune,8906007280310,11,0
Fortune Refined Sunflower Oil,Fortune,8906007280280,11,0
Pro Immunity Multi-source Edible Oil,Fortune,8906008811902,11,0
Fortune sun lite refined sunflower oil,Fortune,8906007280235,11,0
100% Safflower Oil,Saffola,0071800828323,3,8
SAFOLA ACTIVE - MULTI-SOURCE EDIBLE OIL,Saffola,8901088034593,11,0
Tasty+,Saffola,8901088002530,11,0
Saffola Gold,Saffola,8901088155458,11,0
Saffola gold Blended oil 5 l,Saffola,8901088017411,11,0
Dhara groundnut oil,Dhara,8906004620171,11,0
Dhara ground nut oil,Dhara,00006528,11,0
mustard oil,Dhara,8906004620287,11,0
Refined Ricebran Oil,Dhara,8906004620751,11,0
Kachi Ghani Mustard Oil,Dhara,8906004620256,11,0
Kachi Ghani Mustard Oil,Dhãra,9909404862027,11,0
Dhara Refined Sunflower oil 5l,Dhara,8906004620485,11,0
Blended Edible Vegetable multi source oil,Sundrop,8901512107602,11,0
Sundrop Heart blnd edbl oil 1ltr,Sundrop,8901512680204,11,0
sundrop oil,Sundrop,8901512103901,11,0
Sundrop Superlite Advanced Refined Sunflower Oil,Sundrop,8901512102904,11,0
Emami Healthy & Tasty Rice Bran Oil,Emami,8901248270243,11,0
amul butter,Amul,8901262010153,11,0
Water Buffalo And Cow Milk Butter,Amul,0656846520129,11,0
Amul masti spiced butter milk,Amul,8901262152167,11,0
Pure ghee clarified butter,Amul,0656846560965,11,0
Amul cheese block,Amul,8901262020060,11,0
Cheese Cube,Amul,3948262020039,11,0
Cheese slices,Amul,0656846570490,11,0
Cheese spread,Amul,8901262060004,11,0
Amul cheese spread,Amul,8901262060097,11,0
Cheese block,Amul,8901262020084,11,0
Maha Cola,Mother Dairy,8901648005551,11,0
AA grade butter,Mother's Choice,0070872198778,11,0
Ginger Paste,Mother's Dairy,8906001053804,11,0
Curd,Nandini,8906036670212,11,0
Nandini GoodLife Toned Milk,Nandini,8906036673602,11,0
Shubham,Nandini,8906036670090,11,0
Nandini Good Life,Nandini,8906036673947,11,0
Nandini Paneer,Nandini,8906036670977,11,0
Nandini Curd,Nandini,8906036670205,11,0
Pasteurised Toned Milk,Nandini,8906036670014,11,0
Milk Peda,Nandini,8906036675163,11,0
goodlife slim,Nandini,8906036670441,11,0
Nandini Healthy Life Lite Double Toned Milk,Nandini,8906153561875,11,0
Nandini badam milk,Nandini,8906036676672,11,0
Toned Milk,Nandini,8906036674081,11,0
Special Toned Milk,Nandini,8906036674739,11,0
Slim UHT Sterilised Skimmed Milk,Nandini,8906036672995,11,0
Double Toned Milk,Nandini,8906036675248,11,0
Desi Cow Milk,Nandini,8906036674265,11,0
Nandini GoodLife Plus Toned Milk 1ltr,Nandini,8906036675750,11,0
Santhrupthi Milk,Nandini,8906036676290,11,0
Paneer Indian Cheese,Verka,0856904000253,11,0
Fresh Paneer,Verka,0884282099804,11,0
Verka Fresh Paneer,Verka,0884282668048,11,0
Verka Paneer,Verka,8436042568857,11,0
All In One,Haldiram's,8904063200020,11,0
Haldiram Chips Panchrattan,Haldiram's,8904063200044,11,0
Plain Bhujia Namkeen,Haldiram's,8904063230171,11,0
Cornflakes Mixture,Haldiram's,8904063230133,11,0
Gujarati Mixture Namkeen,Haldiram's,8904063200556,11,0
taka-tak,Haldiram's,8904004407624,11,0
Khatta Meetha 440g,Haldiram's,8904063214423,11,0
Knocking korean,Bingo,8909081008078,11,0
Choc Chip Bar,Uncle Toby’s,9300605116481,11,0
Uncle Saba’s Lentil and chickpea chips,Uncle Saba’s lentil and chickpea chips,0199284210691,11,0
Butter lovers microwave popcorn boxes,ACT II,0076150232585,11,0
Xtreme Butter,ACT II,0076150332308,11,0
Butter Lovers Popcorn,ACT II,0076150232486,11,0
Act II sabor Chile y Limón,ACT II,7501006559330,11,0
palomitas ACT II natural 3 pack,ACT II,7501006559095,11,0
MICROWAVE POPCORN,ACT II,0076150982398,11,0
ACT II popcorn butter delight,ACT II,8901512558404,11,0
Popcorn butter,ACT II,0076150200249,11,0
Butter Lovers Microwave Popcorn,ACT II,0076150232523,11,0
acI mocrowave popcorn,ACT II,0076150215359,11,0
Movie Theater Butter Microwave Popcorn,ACT II,0076150001006,11,0
Butter Lovers Flavour Microwave Popcorn,ACT II,0076150215335,11,0
Act II 3 pack sabor natural,ACT II,7501006559064,11,0
Act II sabor Mantequilla,ACT II,7501006559491,11,0
Act II sabor Mantequilla Extra 3 Pack,ACT II,7501006559088,11,0
Butter Microwave Popcorn,ACT II,0076150200102,11,0
Microwave Popcorn Butter,ACT II,0076150232219,11,0
Xtreme Butter Microwave Popcorn,ACT II,0076150232097,11,0
94% Fat Free Butter Naturally Flavored Popcorn,ACT II,0076150232202,11,0
ACT II Butter Lovers Flavour,ACT II,0076150982350,11,0
Palomitas Sabor Natural,ACT II,7501006560572,11,0
Popcorn,ACT II,0076150982336,11,0
ACT II Microwave Popcorn Butter Lover's Flavour,ACT II,8901512507501,11,0
Act II Kettle Corn,ACT II,0076150011289,11,0
Sweet & Salty Kettle Corn,ACT II,0076150982404,11,0
Light Butter Flavour Microwave Popcorn,ACT II,0076150982367,11,0
Kettle corn,ACT II,0076150232820,11,0
ACT II Movie Theater Butter Popcorn,ACT II,8901512556301,11,0
Act 2 popcorn butter flavour,ACT II,0076150982381,11,0
ACT II Popcorn,ACT II,5059158232486,11,0
"Act Ii, Microwave Popcorn, Butter",ACT II,0076150232035,11,0
"Popcorn, Butter",ACT II,0076150473070,11,0
Microwave Popcorn Buttery Flavour,ACT II,0076150420142,11,0
ACT II Salted Microwave Popcorn,ACT II,0076150982329,11,0
ACT II Simply Salted popcorn,ACT II,0076150011661,11,0
Munchies,Nestlé,7613036241755,11,0
Peanut butter crackers,Munchies,0028400029278,11,0
CHEESE FIX FLAVORED,MUNCHIES,0028400314060,11,0
Munchies Orange,Nestlé,8445291318823,11,0
Munchies Snack Mix Cheese Fix Flavored,Munchies,0028400084048,11,0
Real Peanut Butter Sandwich Crackers,Munchies,0028400026734,11,0
Munchies Chocolate Tube 52g,Nestlé,50249473,11,0
Munchies Easter Egg,Nestlé,8445290934574,11,0
Flamin' Hot Snack Mix,Munchies,0028400035729,11,0
Arachides enrobés croquantes,Munchies,0060410027547,11,0
Flamin' Hot Flavored Snack Mix,Munchies,0028400084055,11,0
Honey roasted peanuts,Frito Lay Munchies,0028400261494,11,0
Munchies Cookie Dough,Nestlé,7613037410679,11,0
Munchies Chocolate fudge brownie,Nestlé,7613037410556,11,0
Bikaneri bhujia,Bikaji,8906005500052,11,0
Bikaji aloo bhujia 1kg,Bikaji,8906005500397,11,0
Aloo Bhujia Tana-Tan,Bikaji,8906005500335,11,0
bikaji bikaneri bhujia 400g,Bikaji,8905950003434,11,0
Potato Chips Mint Pudina,Balaji,8906010505530,11,0
Balaji wafers panjabi tadka,Balaji,8906010502232,11,0
Balaji Wafers Crunchex,Balaji,8906010501570,11,0
Crunchm,Balaji,8906010500481,11,0
Potato chips,Balaji,8906010500818,11,0
masala masti,Balaji,8906010500047,11,0
Balaji Wafers Rumbles Potato Chips Pudina Twist flavour,Balaji,8906010501952,11,0
Balaji Wafers Chaat Chaska,Balaji,8906010500535,11,0
Crunchem Pizzy Masala,Balaji,8906010501198,11,0
Stack Up - Simply Salted,Balaji,8906010502782,11,0
Crunchem,Balaji,8906010502591,11,0
Britannia Good Day cashew cookies,Britannia,8901063151321,11,0
Good day,Britannia,8901063151345,11,0
GOOD DAY CHOCO COOKIES,Britannia,8901063004016,11,0
"Britannia, Good Day, Cookies, Cashew",Britannia,0901063151329,11,0
"Britannia, Good Day Cookies, Butter",Britannia,0901063151336,11,0
"Britannia, Good Day, Butter Cookies",Britannia,0901063151367,11,0
Good Day Psta-Almond Cookies,Britannia,6291007907131,11,0
Good Day Rich Pistachio and Almond Cookies,Britannia,6291007907599,11,0
Good Day butter cookies,Britannia,8901063092280,11,0
Good Day Cashew Cookies,Britannia,6291007901597,11,0
Good Day Chunkies Chocolate Chip Cookies,Britannia,8901063151444,11,0
Good Day Chocochip Cookies,Britannia,8901063165359,11,0
Good day - Cashew Cookies,Britannia,6291007909449,11,0
BUTTER COOKIES,Britannia,8901063151482,11,0
Britannia Good day pistachio almond cookies,Britannia,6291007903331,11,0
"Good Day, Pista-Almond Cookies",Britannia,0890106315137,11,0
Choco chip,Britannia,6291007912302,11,0
Good Day - Pistachio & Almond Cookies,Britannia,6291007915471,11,0
Oreo Cream Biscuit,Cadbury,7622201431594,11,0
Oreo Original,Cadbury,7622201801878,11,0
Cricket Edition Oreo Original,Cadbury,7622201675660,11,0
Digestive Biscuits,McVitie's,5000168198491,11,0
Sablés chocolat,McVitie's,5000168198514,11,0
Digestives The ORIGINAL,McVitie's,5000168036755,11,0
McVitie's Rich Tea The Light One (Delights),McVitie's,5000168124643,11,0
McVities Rich Tea Biscuits,McVitie's,5000168001210,11,0
Hobnobs,McVitie's,5000168034928,11,0
Digestives Milk Chocolate,McVitie's,5000168194189,11,0
Sablés aux flocons d'avoine,McVitie's,5000396054439,11,0
Ginger Nuts,McVitie's,5000168164045,11,0
Penguin Biscuit Bar,McVitie's,50168064,11,0
McVitie's Rich Tea Classic 2 x,McVitie's,5000168124858,11,0
Mc Vities Digestives,McVitie's,50396238,11,0
Digestives The Original Twin Pack,McVitie's,5000168036670,11,0
Digestives Dark chocolate,McVitie's,5000168194127,11,0
Bolachas crocantes-maçã,McVitie's,5000396036138,11,0
Fruit & Form - Forest Fruit,McVitie's,5000396036091,11,0
Ginger Nuts Biscuits,McVitie's,5000396038194,11,0
THINS Dark Chocolate,McVitie's,8690504081920,11,0
Digestive Delicious Wheat Biscuits,McVitie's,5000396025026,11,0
McVities Digestives Dark Chocolate 200g,McVitie's,5000396037548,11,0
Digestives The Original Wheat Biscuit,McVitie's,5000396037937,11,0
Penguin,McVitie's,5000168210360,11,0
Sablés aux flocons d'avoine chocolat au lait,McVitie's,5000396051742,11,0
Direktive Biscuits,McVitie's,5000396033373,11,0
Mcvities Wholesense,McVitie's,5000396024753,11,0
Mcvities Digestive Milk Chocolate Biscuits,McVitie's,5000396037531,11,0
Digestive,McVitie's,6223003803568,11,0
Jaffa Cakes The Original Twin Pack,McVitie's,5000168040028,11,0
sables anglais,McVitie's,4004198198491,11,0
McVitie's Hobnobs The Oaty One Milk Chocolate,McVitie's,5000168176833,11,0
Sablés angais l’original,McVitie's,7004768198491,11,0
Digestives the light one cookies,McVitie's,5000168038780,11,0
Jaffa cakes,McVitie's,5000168040097,11,0
Hobnobs Oats Biscuit,McVitie's,0059290500677,11,0
Digestives,McVitie's,5000396001730,11,0
Sable anglais,McVitie's,3061990142979,11,0
Digestive light 30% reduced fat,McVitie's,5000396008791,11,0
Toasting Waffles,McVitie's,5000168014104,11,0
Club Orange,McVitie's,50137992,11,0
Golden Oat,McVitie's,6223003803827,11,0
Digestive Original,McVitie's,5000396026993,11,0
Thins Milk Chocolate,McVitie's,8690504081913,11,0
Hob'nobs fourré goût chocolat,McVitie's,5000396050158,11,0
Digestive light,McVitie's,5000396037227,11,0
Soft Bakes Strawberry Filled,belVita,7622210695406,11,0
SOFT BAKES Red Berries,belVita,7622201766344,11,0
Parle-g Glucose Biscuits,Parle,8901719101090,11,0
Tiger glucose biscuits,Britannia,8901063060333,11,0
GLUCOSE HIGH ENERGY BISCUITS,Britannia,8906019662708,11,0
Monaco Emmental,Belin,7622202023958,11,0
Apéritif Monaco - Biscuits crakers,Belin,3017760595018,11,0
Box Monaco Emmental,Belin,3017760667791,11,0
Monaco,Belin,7622210998095,11,0
Monaco au fromage de Hollande,Belin,3017760599993,11,0
Biscuits Crackers Belin Monaco,Belin,3017760801294,11,0
Apéritif Monaco (offre conviviale),Belin,7622210164308,11,0
Belin Monaco Biscuits apéritif à l'emmental 105 g,Belin,7622210601643,11,0
Monaco - Biscuits crackers à l'emmental,Belin,7622210796301,11,0
Monaco à l'emmental,Belin,7622300662974,11,0
Flan patissier vanille bourbon,Alsa,3027030013289,11,0
Yaourt à la grecque au lait de brebis sucré à la vanille bourbon,La bergerie,3273221098614,11,0
Iles flottantes 4x100g,Pâturages,3250390974697,11,0
Britannia marie gold,Britannia,6291007901061,11,0
Marie gold,Britannia,6291007902211,11,0
Gold Marie,maliban,4791034027410,11,0
Marie Gold Biscuits,gold,8901063136670,11,0
Tea Time Biscuits,Britannia,8901063136274,11,0
Vita marie gold,Britannia,6291007902204,11,0
Maliban,Gold marie,4791034072465,11,0
Vita Marie Gold Tea time biscuit,Britannia,6291007914559,11,0
Ida Marie Brut,Weingut Gold,4260663210079,11,0
Vitamin Marie Gold,Britannia,0295407902204,11,0
gold marie 165g,maliban,4791034073554,11,0
Noodle Cup - Chicken Taste,Maggi,7613036680028,11,0
Teriyaki Noodles,Maggi,8445291260078,11,0
Saucy Noodles,Maggi,8445291259171,11,0
Noodle cup Curry,Maggi,7613036679992,11,0
2 Minute Noodles Chicken Flavour,Maggi,9556001137722,11,0
Saucy Noodles Sweet Chili,Maggi,8445291260054,11,0
Fusian oriental noodles teriyaki,Maggi,8585002442567,11,0
Noodles chicken,Maggi,5201219488800,11,0
Masala Festive Pack Authentic Indian Noodles,Maggi,0055000490955,11,0
Instant Noodles,Maggi,7613035062795,11,0
Pasta oriental sabor pollo,Maggi,8410100063935,11,0
CHICKEN NOODLES,Maggi,9556001171337,11,0
Saucy Noodles Teriyaki Style,Maggi,8445291293250,11,0
Fusian Yakisoba classico noodles,Maggi,7613031923281,11,0
Magic Asia Instant Noodle Cup Chili 63 gr,Maggi,7613036884945,11,0
Saucy Noodles Sesame Chicken Taste,Maggi,7613037683417,11,0
Spaghetti Bolognese,Maggi,7613037870046,11,0
Saucy noodles peanut saté,Maggi,7613287588814,11,0
Beef noodles,Maggi,5201219488794,11,0
3 Minute Instant Curry Flavour Noodles,Maggi,7613035062771,11,0
Noodles,Maggi,9300605109575,11,0
NOODLE SNACK CURRY,Maggi,7613036480505,11,0
Noodle Cup Duck Taste with Black Pepper & Paprika,Maggi,7613036679978,11,0
Instant noodles curry flavour,Maggi,7613036127097,11,0
Vegetable Noodles,Maggi,5201219488787,11,0
Saucy Noodles Pad Thai,Maggi,8445291292970,11,0
Gebratene Nudeln,Maggi,7613036027182,11,0
Noodle cup beef taste,Maggi,7613036683371,11,0
Chicken flavoured noodle soup,Maggi,6001068586806,11,0
Maggi Saucy Noodles Teriyaki,Nestlé,7613287295347,11,0
Stir Fried Noodles Teriyaki,Maggi,8585002443304,11,0
Maggi chicken noodle soup,Maggi,6294017116937,11,0
Maggi,Maggi,8901058011128,11,0
STIR-FRIED NOODLES TASTE OF DUCK,Maggi,8585002442710,11,0
Saucy Noodles - Sweet Chilli,Maggi,8445291187849,11,0
BEEF FLAVOUR NOODLES,Maggi,9556001171290,11,0
Instant Noodles Soup with Curry Flavour,Maggi,9556001302793,11,0
Durban Curry Flavoured 2 Minute Noodles,Maggi,6009188007386,11,0
maggi chicken noodles,Maggi,9300605106581,11,0
Hochzeitssuppe,Maggi,7613036053532,11,0
Magic Asia Nudel Snack Ente,Maggi,7613036480482,11,0
Nouilles asiatiques Maggi Mi Goreng soy and mild spice,Maggi,9556001170828,11,0
Makkaroni Lasagne,Maggi,7613034330444,11,0
Saucy Noodles Red Curry,Maggi,7613287589156,11,0
Top Ramen Beef Flavor,Nissin,0070662010020,11,0
Top Ramen Chicken Flavor,Nissin,0070662026038,11,0
Top Ramen Chili Flavor,Nissin,0070662010174,11,0
Top Ramen Masala Noodles,Nissin,8901014002047,11,0
Top Ramen - Soy Sauce Flavor,Nissin,0070662010013,11,0
Top ramen beef flavor ramen noodle soup,Nissin,0070662060025,11,0
Top ramen hot and spicy beef flavor same picante,Nissin,0070662010129,11,0
Top ramen shrimp ramen noodle soup,Nissin,0070662026106,11,0
Top ramen the original soy sauce ramen noodle soup,Nissin,0070662026014,11,0
Top Ramen shrimp noodle soup,Nissin,0070662060100,11,0
Shrimp Ramen Noodle Soup,Top Ramen,0070662055106,11,0
"Top Ramen 48 pack, chicken flavor ramen noodle soup",Nissin,0070662024133,11,0
Top ramen beef flavor,Top Ramen,0414212700656,11,0
Top Ramen chilli,Nissin,8901014002412,11,0
Top Ramen -  Chicken,The Original Nissin,0430632004037,11,0
Nissin Top Ramen Chili flavor,Nissin,31698085,11,0
Top ramen,Nissin,0040662060325,11,0
"Top Ramen, Ramen Noodle Soup, Chicken",Nissin,0001588518826,11,0
nissin top ramen chicken,Nissin,0007066201003,11,0
Top Ramen Noodle Soup,Nissin,0070662455029,11,0
Hot Pot Fusions Korean Spicy Beef Flavor Ramen Noodle Soup,Top Ramen,0070662302019,11,0
Japanese Garlic Tonkotsu Pork,Top Ramen,0070662302033,11,0
Thai Coconut Curry Chicken Flavor Ramen Noodle Soup,Top Ramen,0070662302026,11,0
Beef Flavor Ramen Noodle Soup With Japanese Sauce,Top Ramen,0070662027028,11,0
Japanese BBQ Beef Soup,Top Ramen,0070662027035,11,0
top ramen,Top Ramen,1059680055021,11,0
Cut Vegetables For Ramen Noodles,Top Valu,4549414086638,11,0
Magic Masala Noodles,Yippee,8901725005863,11,0
Yippee Noodles,Sunfeast,8909081005251,11,0
Yippee noodles (snack pack),Sunfeast,8901725018016,11,0
Sunfeast Yippee! masala magic,Sunfeast,8901725005986,11,0
sunfeast yippee,Sunfeast,8901725005924,11,0
Noodles,Yippee,8901725019747,11,0
Yippee! Korean Fiery Hot,Sunfeast,8901725019754,11,0
Atta Noodles,Yippee,8901725005214,11,0
Sunfeast Yippee Noodles,ITC,8901725181420,11,0
Sunfeast Yippee noodles,Sunfeast,8901725119256,11,0
Sunfeast Yippee! noodles Magic Masala,ITC,8901725116729,11,0
Yippee magic masala noodles four in one pack,Sunfeast,8901725117092,11,0
Yippee! noodles mood masala,ITC,8901725119195,11,0
Yippee Noodles Magic Masala,Sunfeast,8901725012830,11,0
Yippee noodles magic masala goat,Sunfeast,8901725018917,11,0
Les classiques - Velouté de 9 légumes,Knorr,8714100766576,11,0
Knorr Soupe Liquide Mouliné de Légumes Variés 1L,Knorr,8714100769362,11,0
Knorr Soupe Liquide Douceur à l'Italienne Tomates Mozzarella 1L,Knorr,8710908961298,11,0
Knr dcr automne 1l,Knorr,8712100368349,11,0
Knorr Soupe Liquide Douceur de 8 Légumes à la Crème Fraîche 30cl,Knorr,8710908961045,11,0
Velours de tomate à la mozzarella,Knorr,8718114807898,11,0
Knr dcr legumes soleil 1l,Knorr,8711200330775,11,0
Knr moul leg var 50cl rl,Knorr,8714100769409,11,0
Soupe Douceur 8 Légumes à la Crème Fraîche,Knorr,8710908960956,11,0
Soupe Courgettes,Knorr,8712566213757,11,0
"Knorr Soupe Liquide Patate Douce, Carottes et Fromage 45cl",Knorr,8717163793633,11,0
Knorr Soupe Liquide Velouté de Légumes Français 1L,Knorr,8720182402097,11,0
Velouté Patate Douce & Chèvre et Miel,Knorr,3274935203028,11,0
Knorr Soupe Liquide Bio Mouliné de Potiron Carottes 1L,Knorr,8714100742877,11,0
Knorr Soupe Déshydratée Paysanne Légumes & Lard 4 Portions,Knorr,3011360006042,11,0
KNORR Soupe Liquide Velouté de 12 Légumes Fromage Frais 1L,Knorr,8710908948282,11,0
intense rich beef,Knorr,8712566479528,11,0
Moulinet de légumes verts,Knorr,8720182646903,11,0
Knorr Soupe Liquide Légumes du Pot-au-Feu 1L,Knorr,8712100567360,11,0
Knorr Soupe Liquide Carottes Jaunes et Lait de Coco 450ml,Knorr,8710522718636,11,0
Beef stock pot,Knorr,8722700268741,11,0
Mouliné de légumes français,Knorr,8720182394422,11,0
Knorr Soupe Déshydratée Tomates aux Vermicelles 4 Portions,Knorr,3011360020086,11,0
Buchstaben Suppe,Knorr,8712566332090,11,0
Nudle ser w ziołach,Knorr,8714100666838,11,0
Crema vichyssoise puerro y patata envase 500 ml,Knorr,8717163905081,11,0
Velouté Potiron & Fourme d'Ambert AOP,Knorr,3274935020403,11,0
Tomatensuppe Toscana,Knorr,8711200339907,11,0
Slow cooked Beef,Knorr,8712566479726,11,0
Fish Stock Pot 4 x,Knorr,8712566479405,11,0
Mouline légumes variés,Knorr,8720182468239,11,0
Hühnersuppe mit vielen Nudeln,Knorr,8712566332137,11,0
Knorr Comme à La Maison Soupe Liquide Courgette Ricotta Parmesan 45cl,Knorr,8711200350353,11,0
Cheese Soup,Knorr,8712100868306,11,0
Knorr Soupe Liquide Douceur de Légumes du Soleil 1L,Knorr,8720182474063,11,0
Minestrone,Knorr,8714100776742,11,0
Minestrone legumi,Knorr,8717163885758,11,0
Zuppa di fagioli,Knorr,8717163885796,11,0
Suppenliebe Frühlingssuppe mit Gemüse,Knorr,8712566332175,11,0
vegetable soup mix,Knorr,0055220060013,11,0
Douceur italienne,Knorr,8720182647061,11,0
Velouté potiron & fourme d'Ambert,Knorr,3274935203042,11,0
Knorr Quick Soup Golden Vegetable,Knorr,8714100263853,11,0
Rosół z kury z makaronem,Knorr,8712100867620,11,0
Oinion soup,Knorr,0055220060129,11,0
Quick soup mushroom,Knorr,8714100263969,11,0
Soldatens Ärtsoppa,Knorr,7310390001390,11,0
Noodles,Knorr,8710522627471,11,0
Zupa Borowikowa z grzankami,Knorr,8712100868054,11,0
Chowmein hakka noodles masala,Ching's Secret,8901595972548,11,0
Chilli Chicken Masala Mix,Ching's Secret,8901595972234,11,0
Veg Manchurian masala,Ching's Secret,8901595972142,11,0
Yippee,Sunfeast,0841905090105,11,0
Yippee Magic Masala,Sunfeast,0841905090112,11,0
Yippee Creamy Corn Pasta,Sunfeast,8901725111663,11,0
Sunfeast yippee 70g,Sunfeast,8901725115654,11,0
Sunfeast yippee 280g,Sunfeast,8901725181673,11,0
yippee!,Sunfeast,8901725119201,11,0
Yippee tricolour pasta,Sunfeast,8901725111168,11,0
Tata tea premium,Tata,8901052004683,11,0
"Tata, Premium Tea",Tetley Usa  Inc.,0011156059156,11,0
Tata Tea Premium,Tata Tea,8901052010417,11,0
Red Label Tea Bags,Knightsbridge,4056489648529,11,0
Red label,Brooke Bond,8901030882579,11,0
Red label tea,Brooke Bond,0068400562818,11,0
tea red label,nhte,0793573999078,11,0
Loose black tea,Red Label,6281006856455,11,0
Red Label Loose Leaf Black Tea,Brooke Bond,0068400600336,11,0
Brooke Blond réd label tea powder,Brooke Bond,8720608632107,11,0
"Brooke Bond, Red Label Tea",Unilever India Exports Limited,0890103008303,11,0
Red Label LOOSE BLACK TEA,Brooke Bond,8720608616893,11,0
Wagh Bakari,Wagh Bakri,8901747000433,11,0
Instant Masala Tea (Unsweetened),Wagh Bakri,8901747003175,11,0
Mint Green Tea,Wagh Bakri,8901747002840,11,0
premium black tea,Wagh Bakri,8901747000730,11,0
Masala Chai Tea Bags,Wagh Bakri,8901747003694,11,0
Green Tea,Wagh Bakri,8901747002215,11,0
Instant Cardamom Tea,Wagh Bakri,8901747003199,11,0
Instant Ginger Tea,Wagh Bakri,8901747002956,11,0
Instant tea combo pack,Wagh Bakri,8901747002277,11,0
Instant Sugar-free Elaichi Tea,Wagh Bakri,8901747002987,11,0
Instant Saffron Tea,Wagh Bakri,8901747005599,11,0
Ice Tea Pêche,Lipton,3168930159896,11,0
Ice tea,Lipton,3168930170549,11,0
Lipton fruit rouges,Lipton,6111252422428,11,0
Lipton Peche ice tea,Lipton,6111252422411,11,0
SAVEUR PECHE ICE TEA,Lipton,3168930171058,11,0
lipton yellow label tea x25,Lipton,8720608632633,11,0
Ice Tea Saveur Pêche,Lipton,3168930170570,11,0
Yellow Label,Lipton,8720608007417,11,0
Lipton sans sucre,Lipton,3168930175483,11,0
Thé vert classique,Lipton,8720608026586,11,0
"Lipton Ice Tea saveur framboise 1,25 L",Lipton,3168930170938,11,0
Citron-citron vert Ice tea,Lipton,3168930170600,11,0
Lipton,Lipton,3168930175681,11,0
Peach Ice Tea,Lipton,5000118047817,11,0
Lipton Ice Tea saveur pêche,Lipton,3502110005403,11,0
ice tea saveur framboise,Lipton,3168930159988,11,0
Thé vert myrtille et mûre x 20 sachets,Lipton,8720608025664,11,0
Thé glacé pêche sans sucre,Lipton,3168930176367,11,0
lipton-ice-tea,Lipton,6111252422985,11,0
Lipton Ice Tea saveur framboise,Lipton,3502110010674,11,0
Lipton Ice Tea Original Sparkling,Lipton,8711327574557,11,0
Green tea,Lipton,5063270101766,11,0
Lipton Liptonic l'original,Lipton,3502110006844,11,0
Thé vert Menthe,Lipton,8720608026524,11,0
Thé vert fleur d’oranger mandarine🍊,Lipton,8720608003884,11,0
Thé glacé pêche pétillant,Lipton,3168930174431,11,0
Lemon Ice Tea,Lipton,5000118047794,11,0
Lipton Ice Tea saveur pêche 25 cl,Lipton,8722700009276,11,0
Lipton peach tea,sodastream,8719128117836,11,0
Duo saveur pêche abricot,Lipton,3168930170662,11,0
Lipton Thé 5 Fruits Rouges 20 Sachets,Lipton,3228881010971,11,0
Hibiscus saveur framboise facon infusion glacee,Lipton,3168930170754,11,0
Ice tea citron,Lipton,8711327587175,11,0
Thé noir citron,Lipton,5063270105818,11,0
Lipton Ice Tea saveur pêche 15 cl,Lipton,3502110003119,11,0
Pfirsich Ice Tea,Lipton,4062139009978,11,0
LIPTON TEA YELLOW,Lipton,8720608015450,11,0
Lipton Forest fruits,Lipton,5063270109557,11,0
Peach Iced Tea,Lipton,4060800168344,11,0
Thé  noir earl grey bergamote,Lipton,5063270105856,11,0
Lipton Ice Tea saveur pêche sans sucres,Lipton,3168930166016,11,0
Green iced tea,Lipton,8711327501461,11,0
Lipton Ice Tea PÉTILLANT Citron Citron Vert,Lipton,3168930175711,11,0
Ice Tea Pêssego,Lipton,8711327587205,11,0
Nescafé Classic,Nescafe,6111018903161,11,0
Nescafe classic,Nescafe,6111018903185,11,0
café soluble Nescafé,Nestlé,8410100020549,11,0
Nescafé classic descafeinado,Nestlé,8410100021553,11,0
Frappe,Nescafe,5201219046154,11,0
NESCAFE 3 in 1 Classic,Nescafe,8445291259331,11,0
Nescafe' Classic,Nescafe,80000822,11,0
Nescafe classic,Nestlé,6111018501503,11,0
Nescafe classic natural,Nestlé,8410100082028,11,0
Classic crema,Nestlé,7613033835018,11,0
Nescafé classic 30g,Nescafe,6111018909484,11,0
Натуральный растворимый порошкообразный кофе NESCAFÉ® CLASSIC CREMA,Nescafe,4606272038763,11,0
Nescafé Classic,Nestlé,8410100020570,11,0
Classic descafeinado,Nestlé,8410100021577,11,0
Nescafé classic- café instantáneo,Nescafe,7891000255049,11,0
Nescafe Classic Crema,Nestlé,7613036457712,11,0
NESCAFE CLASSIC 100G TIN EXP 10 / 18 (GR),Nescafe,5201219046109,11,0
Classic crème café soluble natural con crema,Nestlé,7613034025340,11,0
Nescafé Classic Classic Mild Instantkaffee,Nescafe,7613031514793,11,0
Classic natural,Nescafe,8410100020563,11,0
Classic café soluble natural,Nescafe,7613031236480,11,0
Nescafé classic decaf,Nescafe,7613037043914,11,0
Nescafe Classic coffee,Nestlé,7613033677724,11,0
nescafe stick (r) classic 1.9g,Nescafe,4800361339568,11,0
Nescafe Classic Instant Coffee 100g Glass,Nescafe,7613031918867,11,0
Nescafi,Nescafe,4600680017099,11,0
Coffee Classic,Nescafe,7891000361252,11,0
Nescafe classic 3 in 1,Nescafe,6294003562083,11,0
Nescafé Clásico,Nescafe,7891000071823,11,0
Kaffee - Classic Kräftig - löslicher Kaffee,Nescafe,9002100112417,11,0
Кофе Crema,Nescafe,46247902,11,0
Nescafé classic natural,Nestlé,8445290774316,11,0
Nescafe classic 200g,Nescafe,8445290303080,11,0
Bru gold,Bru,8901030373930,11,0
Coffee,Bru,8901030815812,11,0
Coffee bottle,Bru,0068400564454,11,0
Coffee Powder,Bru,8901030084188,11,0
Bru Coffee 3rs Sachet,Bru,8909106024199,11,0
BRU GOLD Edition,Fssai,4901038934656,11,0
Super Strong Blend Coffee,Continental,8901036162514,11,0
Continental Xtra 200g Jar | Instant Coffee | South Indian Blend with Chicory,CCL Products (India) Limited,8901036173459,11,0
Continental Xtra Coffee Powder,Continental,8901036163351,11,0
Xtra instant coffee,Continental,8901036173435,11,0
Continental Strong,Continental,2000000133525,11,0
Continental This is Caramel coffee,Continental,96831434,11,0
Malgudi fresh filter coffee,Continental,8901036393185,11,0
Cappuccino,Continental,8901036124246,11,0
Super Strong Blend Instant Coffee Chicory Mixture,Continental,8901036161609,11,0
Continental Malgudi Coffee  53',Continental,8901036393192,11,0
Classic Malt,Horlicks,8909106052185,11,0
Horlicks classic Malt 500g,Horlicks,8901030976100,11,0
Horlicks Classic Malt,Horlicks,8901030976179,11,0
Horlicks Classic Malt,Horlics,8901030976056,11,0
Horlicks Classic Malt 500g Cbd,Hindustan Unilever Ltd,8901030795824,11,0
BournVita,Cadbury,7622201679187,4,7
Bournvita 1kg pet,Cadbury,7622201766283,11,0
Bournvita Biscuits 250,Cadbury,7622201781187,11,0
Bournvita 500G,Cadbury,7622210492081,11,0
"Cadbury Bournvita Original Refill,500G",Cadbury,8901233023748,11,0
PediaSure Grow & Gain,Abbott,0070074669540,11,0
Vanilla Shake,PediaSure,0070074690520,11,0
Pediasure chocolate,PediaSure,8710428015877,11,0
Pediasure,Abbott,8427030014012,11,0
Strawberry Shake,PediaSure,0070074580562,11,0
PediaSure Complete,Abbott,0055325594956,11,0
Grow & Gain,PediaSure,0070074690490,11,0
Pediasure sabor vainilla,PediaSure,8427030012636,11,0
Pediasure drink,Abbott,8710428015976,11,0
Pediasure drink,PediaSure,8710428015969,11,0
Pediasure Vainilla Polvo 850G,Abbott,8427030012865,11,0
Pediasure fiber vainilla,Abbott,8427030012773,11,0
Fibre Feed,PediaSure,8710428603425,11,0
Pediasure Vanilla,PediaSure,8886451002860,11,0
pediasure,abott,8886451006035,11,0
Pediasure Grow & Gane,Abbott,0070074675367,11,0
Fórmula para alimentación Pediasure enteral especializada sabor chocolate,PediaSure,7501033962875,11,0
PediaSure Vanilla,Abbott,0070074675329,11,0
PediaSure Grow&Gain,Abbott,0070074675268,11,0
PediaSure vainilla,Abbott,8710428015938,11,0
Pediasure Harvest,Abbott,0070074679631,11,0
PediaSure Strawberry,Abbott,8710428003591,11,0
PediaSure plus fiber,Abbott,8710428021151,11,0
PediaSure sabor chocolate,Abbott,8427030015248,11,0
Pediasure Grow and Gain,Abbott,0070074687605,11,0
Protinex Vanilla flavor,Protinex,8851359984525,11,0
Protinex,Protinex,8851359985157,11,0
Protinex Original,Protinex,8906048500835,11,0
Protinex Chocolate Flavour,Protinex,8906048501382,11,0
Protinex Chocolate Flavour,Nutrica,8906048500651,11,0
DAIRY MILK,Cadbury,7622201148782,11,0
Milk Chocolate Biscuits,Cadbury,0072417161575,11,0
Little Bar,Cadbury,96119341,11,0
Marvellous Creations Dairy Milk Jelly Popping Candy,Cadbury,7622201770419,11,0
Dairy Milk Fruit & Nut,Cadbury,7622201149611,11,0
DAIRY MILK WHOLE NUT,Cadbury,7622201149574,11,0
DAIRY MILK buttons,Cadbury,7622202258480,11,0
Dairy Milk Wholenut,Cadbury,5034660521877,11,0
Dairy Milk Caramel,Cadbury,7622300737931,11,0
Dairy Milk Oreo,Cadbury,7622300754136,11,0
Dairy milk chocolate,Cadbury,6001065601069,11,0
Dairy Milk Silk Chocolate,Cadbury,6001065601243,11,0
dairy milk giant chocolate buttons,Cadbury,7622201746384,11,0
Dairy Milk Caramel nibbles,Cadbury,7622202257940,11,0
Dairy Milk with Flake,Cadbury,4025500278342,11,0
Cadbury dairy milk Freddo easter egg,Cadbury,7622201681548,11,0
Dairy Milk Salted Caramel,Cadbury,7622201682378,11,0
Dairy Milk Chocolate Advent Calendar,Cadbury,7622300750367,11,0
Milk Chocolate,Cadbury,9300617064879,11,0
Dairy milk buttons dessert,Cadbury,4025500278366,11,0
Dairy Milk crunchie bits,Cadbury,7622201148973,11,0
Dairy milk little bar,Cadbury,7622210400604,11,0
Cadbury dairy milk chocolate bar wholenut,Cadbury,5034660003960,11,0
Cadbury dairy milk daim120g,Cadbury,7622210154125,11,0
DAIRY MILK Freddo,Cadbury,7622210295743,11,0
Dairy milk original,Cadbury,7622201508524,11,0
Cream egg Easter egg,Cadbury,7622201681005,11,0
dairy milk egg,Cadbury,7622201680978,11,0
Cadbury Creamy Chocolate Milkshake,Cadbury,4025500267346,11,0
DAIRY MILK WITH Mini eggs,Cadbury,4025500278427,11,0
Dairy Milk Lotus Biscoff,Cadbury,7622202293092,11,0
Nestlé Milo Breakfast Cereal,Nestlé,9300605002593,11,0
Chocolate chip stars,Asda free from gluten,5063089631607,11,0
captain munch,munchy's,9556439886636,11,0
Skinny coated almonds,Munch,9415559051365,11,0
Melody Chocolate,Parle,8901719130854,11,0
Melody Chocolaty,Parle,8901719220173,11,0
Eclairs Classic Chocolate Bag,Cadbury,7622210117779,11,0
Mini Éclairs Dessert Pastry,Specially Selected,4099100115437,11,0
Bricelets plats,Eclair,7610449010800,11,0
Delicatesse,Eclair,7613269674061,11,0
Chocolate eclair,Chocolate eclairs,8714601009660,11,0
Maggi chilli sauce 500g,Maggi,9556001601001,11,0
Maggi Hot & Sweet tomato chilli sauce,Maggi,8901058895773,11,0
Hot and Sweet tomato chili sauce,Maggi,0028000811525,11,0
Hot and sweet sauce,Maggi,8901058867398,11,0
Maggi HOT & Sweet Tamato chilli sauce,Maggi,8901058904949,11,0
Chilli Tomato Sauce,Kissan,8901030660283,11,0
kissan,Kissan,8901030921667,11,0
kissan fresh tomato,Kissan,8901030897542,11,0
Fresh Tomato Ketchup,Kissan,8901030902932,11,0
kissan fresh Tamato,Kissan,8901030532719,11,0
Tomato Ketchup Kissan,Kissan,8901030699085,11,0
Kissan Fresh Tomato Ketchup,Kissan,8901030653407,11,0
Tomato Ketchup,Kissan,8901030865237,11,0
Drinking Chocolate,Weikfield,8901808000419,11,0
Red Chilli Sauce,Weikfield,8901808004912,11,0
mango jelly,Weikfield,8901808003045,11,0
Cornflower,Weikfield,7901809007715,11,0
Peri peri sauce,Weikfield,8901808007616,11,0
Green Chilli Sauce,Weikfield,8901808007593,11,0
Corn Flour,Weikfield,8901808007715,11,0
Apple & Blueberries Pouch,Heinz,5000157079923,11,0
Sweet and Sour chicken,Heinz,5000157152633,11,0
omogenizzati manzo nipiol,Kraft Heinz,8001040093665,11,0
Caldo de Pera Pear Baby Food,Heinz,0735051000487,11,0
Heinz By Nature Cottage Pie baby food,Heinz,5000157140487,11,0
Nipiol Vitello,Kraft Heinz,8001040093788,11,0
heinz baby food,Heinz,5000157140555,11,0
Heinz cheesy tomato pasta baby food imp,Heinz,5000157140456,11,0
HNZ FRUITY PEARS 110GM,Heinz,93657488,11,0
Heinz bb food lamb pumpkin 170g,Heinz,9300657132231,11,0
Rusks original,Heinz,6290090002006,11,0
HNZ VAN CUSTARD 120GM,Heinz,9300657160340,11,0
Plasmon Biscotto Cofanetto GR 720,Kraft Heinz,8001040023358,11,0
Plasmon - Biscottino Biberon (450 GR),Kraft Heinz,8001040025406,11,0
Baby Beetroot in Sweet Vinegar,Heinz,5000256015112,11,0
Little kids,Heinz,9300657231767,11,0
Little treats vanilla custard,Heinz,93657723,11,0
Mango & Vanilla Custard,Heinz,9300657130886,11,0
Hnz Straw &van custard 120g,Heinz,9300657130916,11,0
Coniglio omogeneizzato,Kraft Heinz,8001040093610,11,0
Baby food,Heinz,05722608,11,0
Baby food banana,Heinz,0735051016853,11,0
"Chicken, sweet corn & mango",Heinz,9300657131050,11,0
Heinz bb food Apple & Oatmeal 170g,Heinz,9300657161538,11,0
Biscotto,Kraft Heinz,8001040091876,11,0
smoothie pear betty & oat,Heinz,9300657130763,11,0
Pumpkin potato and beef baby food,Heinz,93772020,11,0
heinz tropical baby food,Heinz,9300657132484,11,0
Hnz app/bry/pass 120g,Heinz,9300657130961,11,0
Heinz bb food Beef  Vegetable 170g,Heinz,9300657161569,11,0
"Apple, Blueberry & Strawberry",Heinz,9300657130954,11,0
Heinz creamed porridge imp,Heinz,5000157140319,11,0
Heinz carrot potato baby food imp,Heinz,5000157144126,11,0
Heinz baby food Tropical Fruits,Heinz,0608875003258,11,0
Theething rusks,Heinz,9300657002343,11,0
Hnz Smth ban&oat ygt 120g,Heinz,9300657130770,11,0
Pear and BlackBerry Custard,Heinz,9300657132477,11,0
Formaggino fuso omogeneizzato,Kraft Heinz,8001040002087,11,0
HNZ bb food  APPLE 110g,Heinz,93657037,11,0
Heinz For Baby - Beef Bolognese & Vegetables,Heinz,9300657225759,11,0
Omogeneizzati di pollo,Kraft Heinz,8001040089200,11,0
La pastina,Kraft Heinz,8001040012413,11,0
omogenizzati frutta mista nipiol,Kraft Heinz,8001040093634,11,0
Omogenizzati frutta,Kraft Heinz,8001040093627,11,0
Omogeneizzato agnello,Kraft Heinz,8001040093566,11,0
pear baby food,Heinz,0735051000579,11,0
Guava Baby Food,Heinz,0735051000647,11,0
TATA Salt,Tata,8904043901268,11,0
salt,Tata,8901052010295,11,0
Himalayan Rock Salt,Tata Salt,8904043926612,11,0
Salt LITE,Tata,8904043901077,11,0
Poisson salt et pepper,The tasty catch,4088600398693,11,0
